symbol,date,future_return,target,market_regime,fold,train_max_date,prediction,signal,prob_down,prob_no_trade,prob_up
FPT,2024-10-15,-0.00435654605569,NO_TRADE,BULL,1,2024-10-14,DOWN,SELL,0.5411568,0.23345421,0.22538899
HPG,2024-10-15,0.00396825917562,NO_TRADE,BULL,1,2024-10-14,DOWN,SELL,0.38783017,0.29229409,0.3198758
PNJ,2024-10-15,-0.00639923424203,DOWN,BULL,1,2024-10-14,NO_TRADE,NO_TRADE,0.31999457,0.43741927,0.24258614
SHS,2024-10-15,-0.0190192115637,DOWN,BULL,1,2024-10-14,DOWN,SELL,0.45717147,0.22313786,0.31969073
VCB,2024-10-15,0.0,NO_TRADE,BULL,1,2024-10-14,NO_TRADE,NO_TRADE,0.2867844,0.5805957,0.13261992
FPT,2024-10-16,-0.00507748617766,DOWN,BULL,1,2024-10-14,DOWN,SELL,0.6042469,0.21962197,0.17613113
HPG,2024-10-16,-0.00198216120399,NO_TRADE,BULL,1,2024-10-14,NO_TRADE,NO_TRADE,0.32224056,0.38882515,0.28893426
PNJ,2024-10-16,0.00541739812977,UP,BULL,1,2024-10-14,NO_TRADE,NO_TRADE,0.25570944,0.5843413,0.15994929
SHS,2024-10-16,-0.0131428254392,DOWN,BULL,1,2024-10-14,DOWN,SELL,0.4146836,0.2510473,0.33426905
VCB,2024-10-16,0.00116230814248,NO_TRADE,BULL,1,2024-10-14,NO_TRADE,NO_TRADE,0.26514325,0.58209723,0.15275952
FPT,2024-10-17,0.00507748617766,UP,BULL,1,2024-10-14,DOWN,SELL,0.59212947,0.2718269,0.13604367
HPG,2024-10-17,0.00544151726074,UP,BULL,1,2024-10-14,NO_TRADE,NO_TRADE,0.25394505,0.50616384,0.23989111
PNJ,2024-10-17,0.00522535480267,UP,BULL,1,2024-10-14,NO_TRADE,NO_TRADE,0.37335908,0.46184683,0.16479407
SHS,2024-10-17,0.0131428254392,UP,BULL,1,2024-10-14,DOWN,SELL,0.4800499,0.19059847,0.32935163
VCB,2024-10-17,0.00760459938522,UP,BULL,1,2024-10-14,NO_TRADE,NO_TRADE,0.29936743,0.56605047,0.13458204
FPT,2024-10-18,0.0,NO_TRADE,BULL,1,2024-10-14,UP,BUY,0.29926673,0.30082875,0.39990455
HPG,2024-10-18,-0.0109128067113,DOWN,BULL,1,2024-10-14,NO_TRADE,NO_TRADE,0.2866126,0.38734457,0.32604286
PNJ,2024-10-18,-0.00211950841553,NO_TRADE,BULL,1,2024-10-14,NO_TRADE,NO_TRADE,0.29270548,0.42509255,0.28220204
SHS,2024-10-18,-0.00616334770767,DOWN,BULL,1,2024-10-14,DOWN,SELL,0.40603408,0.21860361,0.3753623
VCB,2024-10-18,0.00213868634616,NO_TRADE,BULL,1,2024-10-14,NO_TRADE,NO_TRADE,0.21428825,0.60639036,0.17932141
FPT,2024-10-21,-0.0109751310173,DOWN,BULL,1,2024-10-14,NO_TRADE,NO_TRADE,0.2995496,0.50488,0.19557032
HPG,2024-10-21,-0.00750942202213,DOWN,BULL,1,2024-10-14,DOWN,SELL,0.3663149,0.3014922,0.3321929
PNJ,2024-10-21,-0.00310584638713,NO_TRADE,BULL,1,2024-10-14,NO_TRADE,NO_TRADE,0.31272295,0.54313856,0.14413847
SHS,2024-10-21,-0.0266264751153,DOWN,BULL,1,2024-10-14,UP,BUY,0.3183869,0.2206283,0.46098477
VCB,2024-10-21,-0.00428195647664,NO_TRADE,BULL,1,2024-10-14,NO_TRADE,NO_TRADE,0.37236765,0.48182943,0.14580293
FPT,2024-10-22,-0.0179045445655,DOWN,BULL,1,2024-10-14,NO_TRADE,NO_TRADE,0.30234206,0.37116358,0.32649437
HPG,2024-10-22,-0.00352378919874,NO_TRADE,BULL,1,2024-10-14,DOWN,SELL,0.364575,0.30224344,0.33318156
PNJ,2024-10-22,-0.0171734735852,DOWN,BULL,1,2024-10-14,NO_TRADE,NO_TRADE,0.27275997,0.5794217,0.14781836
SHS,2024-10-22,-0.0208507954802,DOWN,BULL,1,2024-10-14,DOWN,SELL,0.5399806,0.11455704,0.34546235
VCB,2024-10-22,-0.00662363739722,DOWN,BULL,1,2024-10-14,NO_TRADE,NO_TRADE,0.36339986,0.42686486,0.20973527
FPT,2024-10-23,0.00823491943304,UP,BULL,1,2024-10-14,UP,BUY,0.25860578,0.33543786,0.40595636
HPG,2024-10-23,-0.0075930509076,DOWN,BULL,1,2024-10-14,UP,BUY,0.33672485,0.28868225,0.37459284
PNJ,2024-10-23,0.00862360236393,UP,BULL,1,2024-10-14,NO_TRADE,NO_TRADE,0.20990862,0.4041066,0.38598484
SHS,2024-10-23,-0.00650408796918,DOWN,BULL,1,2024-10-14,UP,BUY,0.40621078,0.112569,0.48122025
VCB,2024-10-23,0.00116230814248,NO_TRADE,BULL,1,2024-10-14,NO_TRADE,NO_TRADE,0.2569614,0.60545063,0.13758793
FPT,2024-10-24,0.000712885433862,NO_TRADE,BULL,1,2024-10-14,NO_TRADE,NO_TRADE,0.2876714,0.3875074,0.3248212
HPG,2024-10-24,0.0,NO_TRADE,BULL,1,2024-10-14,UP,BUY,0.29359916,0.29863343,0.4077674
PNJ,2024-10-24,0.00214433071857,NO_TRADE,BULL,1,2024-10-14,NO_TRADE,NO_TRADE,0.2801585,0.53373486,0.18610664
SHS,2024-10-24,-0.0281242688709,DOWN,BULL,1,2024-10-14,DOWN,SELL,0.45565552,0.13901114,0.4053333
VCB,2024-10-24,0.00215499461765,NO_TRADE,BULL,1,2024-10-14,NO_TRADE,NO_TRADE,0.25157404,0.58103204,0.16739388
FPT,2024-10-25,-0.00222945649041,NO_TRADE,BULL,1,2024-10-14,NO_TRADE,NO_TRADE,0.15940763,0.5191703,0.32142204
HPG,2024-10-25,0.0,NO_TRADE,BULL,1,2024-10-14,UP,BUY,0.16689985,0.31910142,0.5139987
PNJ,2024-10-25,0.000988142372894,NO_TRADE,BULL,1,2024-10-14,NO_TRADE,NO_TRADE,0.18055627,0.58155286,0.23789088
SHS,2024-10-25,0.00752197445469,UP,BULL,1,2024-10-14,UP,BUY,0.18381554,0.12581746,0.690367
VCB,2024-10-25,0.0011584610315,NO_TRADE,BULL,1,2024-10-14,NO_TRADE,NO_TRADE,0.11317006,0.69913423,0.1876957
FPT,2024-10-28,0.00667351322226,UP,BULL,1,2024-10-14,NO_TRADE,NO_TRADE,0.15833187,0.5747409,0.2669272
HPG,2024-10-28,0.0111168401063,UP,BULL,1,2024-10-14,NO_TRADE,NO_TRADE,0.1149461,0.72566104,0.15939285
PNJ,2024-10-28,0.00852324451691,UP,BULL,1,2024-10-14,NO_TRADE,NO_TRADE,0.21367715,0.56625926,0.2200636
SHS,2024-10-28,-0.014256006636,DOWN,BULL,1,2024-10-14,UP,BUY,0.36223653,0.09830668,0.53945684
VCB,2024-10-28,0.00214787360559,NO_TRADE,BULL,1,2024-10-14,NO_TRADE,NO_TRADE,0.14991423,0.6905738,0.15951197
FPT,2024-10-29,0.00371780546847,NO_TRADE,BULL,1,2024-10-14,UP,BUY,0.1639087,0.39388022,0.44221112
HPG,2024-10-29,0.0109946135011,UP,BULL,1,2024-10-14,NO_TRADE,NO_TRADE,0.18870881,0.42882457,0.3824666
PNJ,2024-10-29,0.014743077893,UP,BULL,1,2024-10-14,NO_TRADE,NO_TRADE,0.22830482,0.54528433,0.22641085
SHS,2024-10-29,0.014256006636,UP,BULL,1,2024-10-14,UP,BUY,0.19967322,0.15348771,0.6468391
VCB,2024-10-29,0.0,NO_TRADE,BULL,1,2024-10-14,NO_TRADE,NO_TRADE,0.11731458,0.7125092,0.17017621
FPT,2024-10-30,0.00370403457267,NO_TRADE,BULL,1,2024-10-14,NO_TRADE,NO_TRADE,0.13818416,0.6029139,0.25890192
HPG,2024-10-30,-0.0014921664047,NO_TRADE,BULL,1,2024-10-14,NO_TRADE,NO_TRADE,0.21911529,0.4131865,0.36769825
PNJ,2024-10-30,-0.0083979821726,DOWN,BULL,1,2024-10-14,NO_TRADE,NO_TRADE,0.24343339,0.39259988,0.36396673
SHS,2024-10-30,-0.00752197445469,DOWN,BULL,1,2024-10-14,UP,BUY,0.16564399,0.12078388,0.7135721
VCB,2024-10-30,-0.00330633463709,NO_TRADE,BULL,1,2024-10-14,NO_TRADE,NO_TRADE,0.10334403,0.62067896,0.27597702
FPT,2024-10-31,0.0,NO_TRADE,BULL,1,2024-10-14,NO_TRADE,NO_TRADE,0.22980973,0.5377693,0.23242097
HPG,2024-10-31,-0.0039900302312,NO_TRADE,BULL,1,2024-10-14,NO_TRADE,NO_TRADE,0.2883116,0.39353824,0.3181502
PNJ,2024-10-31,-0.00732484759503,DOWN,BULL,1,2024-10-14,UP,BUY,0.35707211,0.27742723,0.36550066
SHS,2024-10-31,0.00752197445469,UP,BULL,1,2024-10-14,UP,BUY,0.28140947,0.07940536,0.6391852
VCB,2024-10-31,0.0204874821321,UP,BULL,1,2024-10-14,NO_TRADE,NO_TRADE,0.1693199,0.6504086,0.18027148
FPT,2024-11-01,-0.00964139970407,DOWN,BULL,1,2024-10-14,NO_TRADE,NO_TRADE,0.11235229,0.6904954,0.1971523
HPG,2024-11-01,-0.0130786572485,DOWN,BULL,1,2024-10-14,NO_TRADE,NO_TRADE,0.22558907,0.5592599,0.21515103
PNJ,2024-11-01,-0.0366036537939,DOWN,BULL,1,2024-10-14,UP,BUY,0.26016298,0.3362856,0.40355143
SHS,2024-11-01,-0.014256006636,DOWN,BULL,1,2024-10-14,UP,BUY,0.28942236,0.16544773,0.5451299
VCB,2024-11-01,-0.000973867955561,NO_TRADE,BULL,1,2024-10-14,UP,BUY,0.12753695,0.35798073,0.5144824
FPT,2024-11-04,-0.0134218192384,DOWN,BULL,1,2024-10-14,UP,BUY,0.15943785,0.34359926,0.49696288
HPG,2024-11-04,-0.00915570993915,DOWN,BULL,1,2024-10-14,UP,BUY,0.15736079,0.3833216,0.4593176
PNJ,2024-11-04,0.0141345109349,UP,BULL,1,2024-10-14,UP,BUY,0.2763919,0.1941686,0.5294395
SHS,2024-11-04,0.0,NO_TRADE,BULL,1,2024-10-14,UP,BUY,0.14554256,0.09805924,0.7563982
VCB,2024-11-04,-0.0107756144694,DOWN,BULL,1,2024-10-14,NO_TRADE,NO_TRADE,0.12844165,0.5126097,0.35894865
FPT,2024-11-05,-0.00153256734978,NO_TRADE,SIDEWAYS,1,2024-10-14,UP,BUY,0.15138549,0.28246826,0.56614625
HPG,2024-11-05,0.00712833975664,UP,SIDEWAYS,1,2024-10-14,UP,BUY,0.116793685,0.3875945,0.4956118
PNJ,2024-11-05,0.00865086080435,UP,SIDEWAYS,1,2024-10-14,UP,BUY,0.20598294,0.23995928,0.5540578
SHS,2024-11-05,0.0,NO_TRADE,SIDEWAYS,1,2024-10-14,UP,BUY,0.12193635,0.093907095,0.78415656
VCB,2024-11-05,0.000984413533148,NO_TRADE,SIDEWAYS,1,2024-10-14,NO_TRADE,NO_TRADE,0.1484931,0.5719105,0.2795964
FPT,2024-11-06,0.0149543865882,UP,SIDEWAYS,1,2024-10-14,UP,BUY,0.1446215,0.3294791,0.5258994
HPG,2024-11-06,0.0171030325879,UP,SIDEWAYS,1,2024-10-14,UP,BUY,0.21800733,0.38047317,0.4015195
PNJ,2024-11-06,0.0084124207451,UP,SIDEWAYS,1,2024-10-14,UP,BUY,0.3255448,0.29607576,0.3783794
SHS,2024-11-06,0.014256006636,UP,SIDEWAYS,1,2024-10-14,UP,BUY,0.13975142,0.14851274,0.71173584
VCB,2024-11-06,0.00327439716265,NO_TRADE,SIDEWAYS,1,2024-10-14,NO_TRADE,NO_TRADE,0.21968791,0.5717545,0.20855759
FPT,2024-11-07,0.0037260511526,NO_TRADE,BULL,1,2024-10-14,UP,BUY,0.09002163,0.26569822,0.64428014
HPG,2024-11-07,0.0,NO_TRADE,BULL,1,2024-10-14,NO_TRADE,NO_TRADE,0.12634869,0.5588165,0.31483483
PNJ,2024-11-07,-0.0105681300618,DOWN,BULL,1,2024-10-14,UP,BUY,0.24764448,0.32621378,0.4261417
SHS,2024-11-07,0.0,NO_TRADE,BULL,1,2024-10-14,UP,BUY,0.15643722,0.14804263,0.69552016
VCB,2024-11-07,0.00326371046883,NO_TRADE,BULL,1,2024-10-14,NO_TRADE,NO_TRADE,0.13352814,0.6894236,0.17704828
FPT,2024-11-08,0.00521087511621,UP,BULL,1,2024-10-14,NO_TRADE,NO_TRADE,0.1180554,0.58769226,0.29425234
HPG,2024-11-08,0.00199302507426,NO_TRADE,BULL,1,2024-10-14,NO_TRADE,NO_TRADE,0.25984704,0.52038586,0.2197671
PNJ,2024-11-08,-0.00332557672638,NO_TRADE,BULL,1,2024-10-14,UP,BUY,0.27475742,0.30577794,0.41946462
SHS,2024-11-08,-0.00752197445469,DOWN,BULL,1,2024-10-14,UP,BUY,0.19278386,0.21107318,0.59614295
VCB,2024-11-08,-0.0108109161042,DOWN,BULL,1,2024-10-14,NO_TRADE,NO_TRADE,0.10969895,0.7955644,0.09473662
FPT,2024-11-11,0.0182434248354,UP,SIDEWAYS,1,2024-10-14,NO_TRADE,NO_TRADE,0.20004748,0.48067504,0.31927752
HPG,2024-11-11,0.0255542160755,UP,SIDEWAYS,1,2024-10-14,NO_TRADE,NO_TRADE,0.14923237,0.5732375,0.2775301
PNJ,2024-11-11,-0.000999833444398,NO_TRADE,SIDEWAYS,1,2024-10-14,NO_TRADE,NO_TRADE,0.16973503,0.46352375,0.36674127
SHS,2024-11-11,-0.00673403218134,DOWN,SIDEWAYS,1,2024-10-14,UP,BUY,0.15188476,0.14400338,0.7041119
VCB,2024-11-11,-0.00214327013048,NO_TRADE,SIDEWAYS,1,2024-10-14,NO_TRADE,NO_TRADE,0.1133647,0.5632415,0.32339385
FPT,2024-11-12,-0.0109585372184,DOWN,SIDEWAYS,1,2024-10-14,NO_TRADE,NO_TRADE,0.27750236,0.48288718,0.23961045
HPG,2024-11-12,-0.00730463437889,DOWN,SIDEWAYS,1,2024-10-14,NO_TRADE,NO_TRADE,0.1775281,0.54624474,0.27622715
PNJ,2024-11-12,0.0031627159114,NO_TRADE,SIDEWAYS,1,2024-10-14,NO_TRADE,NO_TRADE,0.21694016,0.39499977,0.38806006
SHS,2024-11-12,0.0,NO_TRADE,SIDEWAYS,1,2024-10-14,UP,BUY,0.19017282,0.19965833,0.6101689
VCB,2024-11-12,-0.00115597403674,NO_TRADE,SIDEWAYS,1,2024-10-14,NO_TRADE,NO_TRADE,0.1079997,0.72384673,0.16815354
FPT,2024-11-13,0.00731901846962,UP,BEAR,1,2024-10-14,NO_TRADE,NO_TRADE,0.20107675,0.53776264,0.2611606
HPG,2024-11-13,-0.0167574152919,DOWN,BEAR,1,2024-10-14,NO_TRADE,NO_TRADE,0.27872986,0.42839533,0.2928748
PNJ,2024-11-13,-0.002162882467,NO_TRADE,BEAR,1,2024-10-14,UP,BUY,0.17926471,0.35084942,0.46988586
SHS,2024-11-13,-0.00763038886569,DOWN,BEAR,1,2024-10-14,UP,BUY,0.20722996,0.1686123,0.6241577
VCB,2024-11-13,0.00658763910681,UP,BEAR,1,2024-10-14,NO_TRADE,NO_TRADE,0.22709978,0.45865142,0.31424883
FPT,2024-11-14,-0.0131954551496,DOWN,BEAR,1,2024-10-14,DOWN,SELL,0.4656334,0.33491218,0.19945446
HPG,2024-11-14,-0.0277165638236,DOWN,BEAR,1,2024-10-14,NO_TRADE,NO_TRADE,0.2892842,0.37889946,0.33181638
PNJ,2024-11-14,0.0,NO_TRADE,BEAR,1,2024-10-14,NO_TRADE,NO_TRADE,0.18921037,0.5843185,0.22647113
SHS,2024-11-14,-0.021506205221,DOWN,BEAR,1,2024-10-14,UP,BUY,0.29108927,0.20548616,0.5034245
VCB,2024-11-14,-0.00543166507006,DOWN,BEAR,1,2024-10-14,NO_TRADE,NO_TRADE,0.3078357,0.47005963,0.22210462
FPT,2024-11-15,-0.0155138078877,DOWN,BEAR,1,2024-10-14,NO_TRADE,NO_TRADE,0.23521528,0.3969837,0.36780104
HPG,2024-11-15,-0.0154482989817,DOWN,BEAR,1,2024-10-14,UP,BUY,0.18143108,0.2571887,0.5613802
PNJ,2024-11-15,-0.0173040856962,DOWN,BEAR,1,2024-10-14,NO_TRADE,NO_TRADE,0.11238775,0.55512935,0.3324829
SHS,2024-11-15,-0.030011078416,DOWN,BEAR,1,2024-10-14,UP,BUY,0.15302402,0.1094939,0.7374821
VCB,2024-11-15,-0.00330633463709,NO_TRADE,BEAR,1,2024-10-14,NO_TRADE,NO_TRADE,0.14276083,0.6740721,0.18316707
FPT,2024-11-18,0.000714477122472,NO_TRADE,BEAR,1,2024-10-14,UP,BUY,0.14808506,0.32456174,0.5273532
HPG,2024-11-18,-0.00416017240667,NO_TRADE,BEAR,1,2024-10-14,UP,BUY,0.12842336,0.19865763,0.67291903
PNJ,2024-11-18,0.00540815920147,UP,BEAR,1,2024-10-14,UP,BUY,0.10757232,0.34855154,0.5438761
SHS,2024-11-18,0.0,NO_TRADE,BEAR,1,2024-10-14,UP,BUY,0.09416328,0.108258,0.7975787
VCB,2024-11-18,-0.00764631384972,DOWN,BEAR,1,2024-10-14,NO_TRADE,NO_TRADE,0.14216836,0.643537,0.21429469
FPT,2024-11-19,-0.0302723859489,DOWN,BEAR,1,2024-10-14,UP,BUY,0.14927572,0.39793885,0.45278543
HPG,2024-11-19,-0.0136413447984,DOWN,BEAR,1,2024-10-14,UP,BUY,0.13355853,0.30739564,0.55904585
PNJ,2024-11-19,-0.00202463372687,NO_TRADE,BEAR,1,2024-10-14,UP,BUY,0.13206674,0.42322832,0.4447049
SHS,2024-11-19,-0.0226561571082,DOWN,BEAR,1,2024-10-14,UP,BUY,0.15649475,0.11483322,0.728672
VCB,2024-11-19,-0.0110739386703,DOWN,BEAR,1,2024-10-14,NO_TRADE,NO_TRADE,0.13345753,0.54914844,0.31739402
FPT,2024-11-20,0.018327387844,UP,BEAR,1,2024-10-14,UP,BUY,0.15473306,0.25493655,0.5903304
HPG,2024-11-20,0.00579406414199,UP,BEAR,1,2024-10-14,UP,BUY,0.1140257,0.21949147,0.66648287
PNJ,2024-11-20,0.0119198926653,UP,BEAR,1,2024-10-14,UP,BUY,0.10454312,0.2860769,0.60938
SHS,2024-11-20,0.0154618814742,UP,BEAR,1,2024-10-14,UP,BUY,0.10315237,0.105541244,0.7913064
VCB,2024-11-20,0.00336870791876,NO_TRADE,BEAR,1,2024-10-14,NO_TRADE,NO_TRADE,0.13505878,0.53503627,0.32990497
FPT,2024-11-21,0.0045073546066,NO_TRADE,BEAR,1,2024-10-14,UP,BUY,0.107851885,0.2329795,0.6591686
HPG,2024-11-21,0.00992953023747,UP,BEAR,1,2024-10-14,UP,BUY,0.11210949,0.35356838,0.53432214
PNJ,2024-11-21,0.0127686006388,UP,BEAR,1,2024-10-14,NO_TRADE,NO_TRADE,0.12021996,0.46443838,0.41534162
SHS,2024-11-21,0.00719427563403,UP,BEAR,1,2024-10-14,UP,BUY,0.18013418,0.11713247,0.70273334
VCB,2024-11-21,0.0021835903528,NO_TRADE,BEAR,1,2024-10-14,NO_TRADE,NO_TRADE,0.13377096,0.46092483,0.40530422
FPT,2024-11-22,0.00672316637585,UP,BEAR,1,2024-10-14,UP,BUY,0.15674591,0.24240161,0.6008525
HPG,2024-11-22,0.00983190326249,UP,BEAR,1,2024-10-14,UP,BUY,0.10069402,0.2661611,0.63314486
PNJ,2024-11-22,-0.0117677665269,DOWN,BEAR,1,2024-10-14,NO_TRADE,NO_TRADE,0.10986294,0.4734176,0.4167195
SHS,2024-11-22,-0.0153501885376,DOWN,BEAR,1,2024-10-14,UP,BUY,0.1621755,0.14300361,0.6948208
VCB,2024-11-22,0.00117380746269,NO_TRADE,BEAR,1,2024-10-14,UP,BUY,0.1334551,0.37557563,0.49096924
FPT,2024-11-25,0.0,NO_TRADE,BEAR,1,2024-10-14,UP,BUY,0.17533754,0.24937986,0.57528263
HPG,2024-11-25,0.00769431854481,UP,BEAR,1,2024-10-14,UP,BUY,0.11870821,0.41175458,0.4695372
PNJ,2024-11-25,0.0,NO_TRADE,BEAR,1,2024-10-14,NO_TRADE,NO_TRADE,0.09705993,0.4516062,0.45133382
SHS,2024-11-25,0.00815591290361,UP,BEAR,1,2024-10-14,UP,BUY,0.12799342,0.12909326,0.7429133
VCB,2024-11-25,0.00767950351749,UP,BEAR,1,2024-10-14,NO_TRADE,NO_TRADE,0.12136988,0.6663888,0.21224123
FPT,2024-11-26,0.00969111830052,UP,BEAR,1,2024-10-14,UP,BUY,0.14081062,0.40548417,0.45370525
HPG,2024-11-26,0.00153178482849,NO_TRADE,BEAR,1,2024-10-14,NO_TRADE,NO_TRADE,0.122140706,0.55551577,0.32234353
PNJ,2024-11-26,-0.0010008341119,NO_TRADE,BEAR,1,2024-10-14,NO_TRADE,NO_TRADE,0.10684856,0.54859614,0.3445553
SHS,2024-11-26,0.0223123937208,UP,BEAR,1,2024-10-14,UP,BUY,0.19221957,0.18277174,0.6250087
VCB,2024-11-26,0.0119029343821,UP,BEAR,1,2024-10-14,NO_TRADE,NO_TRADE,0.16492039,0.44740885,0.38767081
FPT,2024-11-27,0.0269732234372,UP,BEAR,1,2024-10-14,NO_TRADE,NO_TRADE,0.15253842,0.42888284,0.41857868
HPG,2024-11-27,-0.00153178482849,NO_TRADE,BEAR,1,2024-10-14,UP,BUY,0.15015163,0.37334892,0.4764995
PNJ,2024-11-27,0.0020006675563,NO_TRADE,BEAR,1,2024-10-14,UP,BUY,0.14503941,0.42430612,0.4306544
SHS,2024-11-27,0.0,NO_TRADE,BEAR,1,2024-10-14,UP,BUY,0.25482213,0.21174008,0.5334378
VCB,2024-11-27,0.00328138112318,NO_TRADE,BEAR,1,2024-10-14,NO_TRADE,NO_TRADE,0.17029086,0.54814243,0.28156674
FPT,2024-11-28,0.00361073294626,NO_TRADE,BEAR,1,2024-10-14,DOWN,SELL,0.35535544,0.33948848,0.30515608
HPG,2024-11-28,0.00357052151833,NO_TRADE,BEAR,1,2024-10-14,NO_TRADE,NO_TRADE,0.21909694,0.4153546,0.3655484
PNJ,2024-11-28,-0.0020006675563,NO_TRADE,BEAR,1,2024-10-14,NO_TRADE,NO_TRADE,0.13581252,0.62496626,0.23922117
SHS,2024-11-28,-0.0151181180868,DOWN,BEAR,1,2024-10-14,UP,BUY,0.33182353,0.17832373,0.48985276
VCB,2024-11-28,-0.0011472589966,NO_TRADE,BEAR,1,2024-10-14,NO_TRADE,NO_TRADE,0.24414918,0.63489264,0.12095818
FPT,2024-11-29,0.0344963574377,UP,BEAR,1,2024-10-14,DOWN,SELL,0.4998701,0.2549844,0.24514546
HPG,2024-11-29,0.0131514288041,UP,BEAR,1,2024-10-14,NO_TRADE,NO_TRADE,0.20148024,0.4630015,0.33551827
PNJ,2024-11-29,0.0010008341119,NO_TRADE,BEAR,1,2024-10-14,NO_TRADE,NO_TRADE,0.14291969,0.65894735,0.19813298
SHS,2024-11-29,0.0,NO_TRADE,BEAR,1,2024-10-14,UP,BUY,0.34080255,0.1607191,0.4984783
VCB,2024-11-29,0.00751514727931,UP,BEAR,1,2024-10-14,NO_TRADE,NO_TRADE,0.26838657,0.54518193,0.1864315
FPT,2024-12-02,-0.00774004113756,DOWN,BEAR,1,2024-10-14,UP,BUY,0.25305456,0.3621016,0.3848438
HPG,2024-12-02,0.0055124168652,UP,BEAR,1,2024-10-14,UP,BUY,0.16403295,0.37182316,0.46414384
PNJ,2024-12-02,0.0117677665269,UP,BEAR,1,2024-10-14,NO_TRADE,NO_TRADE,0.10675506,0.45552906,0.43771583
SHS,2024-12-02,0.0,NO_TRADE,BEAR,1,2024-10-14,UP,BUY,0.30784297,0.17653264,0.5156244
VCB,2024-12-02,0.00971824946892,UP,BEAR,1,2024-10-14,NO_TRADE,NO_TRADE,0.19703226,0.57547534,0.2274924
FPT,2024-12-03,0.0195257299537,UP,BEAR,1,2024-10-14,DOWN,SELL,0.37632844,0.2568532,0.3668183
HPG,2024-12-03,0.0039900302312,NO_TRADE,BEAR,1,2024-10-14,NO_TRADE,NO_TRADE,0.22908379,0.43464643,0.3362698
PNJ,2024-12-03,-0.0042932694743,NO_TRADE,BEAR,1,2024-10-14,NO_TRADE,NO_TRADE,0.28322545,0.42493403,0.29184052
SHS,2024-12-03,-0.00719427563403,DOWN,BEAR,1,2024-10-14,UP,BUY,0.23681334,0.17156303,0.59162366
VCB,2024-12-03,-0.0128154888835,DOWN,BEAR,1,2024-10-14,NO_TRADE,NO_TRADE,0.25877935,0.5346355,0.2065852
FPT,2024-12-04,-0.0103772962218,DOWN,BEAR,1,2024-10-14,UP,BUY,0.30071026,0.2612408,0.43804896
HPG,2024-12-04,-0.0115145202098,DOWN,BEAR,1,2024-10-14,NO_TRADE,NO_TRADE,0.25139353,0.45950186,0.28910458
PNJ,2024-12-04,0.00643301187575,UP,BEAR,1,2024-10-14,NO_TRADE,NO_TRADE,0.2575348,0.6174866,0.124978624
SHS,2024-12-04,-0.0154618814742,DOWN,BEAR,1,2024-10-14,UP,BUY,0.30004853,0.17474656,0.5252049
VCB,2024-12-04,0.00537329307152,UP,BEAR,1,2024-10-14,NO_TRADE,NO_TRADE,0.18001296,0.5554496,0.26453742
FPT,2024-12-05,0.0342602366851,UP,BEAR,1,2024-10-14,DOWN,SELL,0.43852565,0.1999797,0.36149466
HPG,2024-12-05,0.0423917587743,UP,BEAR,1,2024-10-14,NO_TRADE,NO_TRADE,0.17223206,0.60217404,0.22559395
PNJ,2024-12-05,0.0188930701104,UP,BEAR,1,2024-10-14,NO_TRADE,NO_TRADE,0.19511835,0.6874066,0.11747507
SHS,2024-12-05,0.0741734407452,UP,BEAR,1,2024-10-14,UP,BUY,0.17534526,0.19522612,0.6294286
VCB,2024-12-05,0.00534457503479,UP,BEAR,1,2024-10-14,NO_TRADE,NO_TRADE,0.20265464,0.59488523,0.20246013
FPT,2024-12-06,0.00669752144772,UP,BULL,1,2024-10-14,UP,BUY,0.21992373,0.3146933,0.46538302
HPG,2024-12-06,-0.00921218636044,DOWN,BULL,1,2024-10-14,UP,BUY,0.23643088,0.33630097,0.4272682
PNJ,2024-12-06,0.00418612751053,NO_TRADE,BULL,1,2024-10-14,NO_TRADE,NO_TRADE,0.1492261,0.51419693,0.33657697
SHS,2024-12-06,-0.021506205221,DOWN,BULL,1,2024-10-14,UP,BUY,0.25602183,0.27251932,0.4714589
VCB,2024-12-06,0.0020976207772,NO_TRADE,BULL,1,2024-10-14,NO_TRADE,NO_TRADE,0.11989321,0.6276733,0.2524335
FPT,2024-12-09,-0.0169094865241,DOWN,BULL,1,2024-10-14,UP,BUY,0.28776124,0.30121112,0.4110276
HPG,2024-12-09,0.00194647263402,NO_TRADE,BULL,1,2024-10-14,DOWN,SELL,0.41018146,0.29283378,0.29698473
PNJ,2024-12-09,0.00416867687222,NO_TRADE,BULL,1,2024-10-14,NO_TRADE,NO_TRADE,0.2190414,0.66672987,0.11422874
SHS,2024-12-09,0.0,NO_TRADE,BULL,1,2024-10-14,UP,BUY,0.28971303,0.31021217,0.40007487
VCB,2024-12-09,0.0115385895565,UP,BULL,1,2024-10-14,NO_TRADE,NO_TRADE,0.15644564,0.65520656,0.1883478
FPT,2024-12-10,0.0169094865241,UP,BULL,1,2024-10-14,DOWN,SELL,0.583493,0.13124554,0.28526145
HPG,2024-12-10,0.00919435463282,UP,BULL,1,2024-10-14,DOWN,SELL,0.68399274,0.14477268,0.17123456
PNJ,2024-12-10,0.00207783979497,NO_TRADE,BULL,1,2024-10-14,NO_TRADE,NO_TRADE,0.27630806,0.5891149,0.13457707
SHS,2024-12-10,-0.00785687149522,DOWN,BULL,1,2024-10-14,DOWN,SELL,0.4999284,0.2309274,0.26914415
VCB,2024-12-10,-0.0083200479947,DOWN,BULL,1,2024-10-14,NO_TRADE,NO_TRADE,0.3357245,0.48997018,0.17430533
FPT,2024-12-11,0.00665296292042,UP,BULL,1,2024-10-14,UP,BUY,0.34581953,0.2912526,0.36292788
HPG,2024-12-11,-0.00579711768433,DOWN,BULL,1,2024-10-14,DOWN,SELL,0.38025284,0.3652106,0.25453654
PNJ,2024-12-11,-0.00207783979497,NO_TRADE,BULL,1,2024-10-14,NO_TRADE,NO_TRADE,0.29603332,0.48847428,0.21549234
SHS,2024-12-11,0.0,NO_TRADE,BULL,1,2024-10-14,UP,BUY,0.3016384,0.31753856,0.38082302
VCB,2024-12-11,-0.0129367910307,DOWN,BULL,1,2024-10-14,NO_TRADE,NO_TRADE,0.19178858,0.67166483,0.13654658
FPT,2024-12-12,-0.00197542634663,NO_TRADE,BULL,1,2024-10-14,DOWN,SELL,0.3716526,0.27961084,0.34873658
HPG,2024-12-12,-0.00875918008988,DOWN,BULL,1,2024-10-14,UP,BUY,0.30276197,0.33740422,0.35983384
PNJ,2024-12-12,0.0,NO_TRADE,BULL,1,2024-10-14,NO_TRADE,NO_TRADE,0.15961635,0.64608794,0.19429569
SHS,2024-12-12,-0.00703608883407,DOWN,BULL,1,2024-10-14,UP,BUY,0.2644885,0.29641625,0.4390953
VCB,2024-12-12,0.00227605365694,NO_TRADE,BULL,1,2024-10-14,NO_TRADE,NO_TRADE,0.1332576,0.68947124,0.17727111
FPT,2024-12-13,-0.00467753657378,NO_TRADE,SIDEWAYS,1,2024-10-14,DOWN,SELL,0.40355924,0.25463867,0.34180215
HPG,2024-12-13,-0.0113051093438,DOWN,SIDEWAYS,1,2024-10-14,NO_TRADE,NO_TRADE,0.28883952,0.42269504,0.28846547
PNJ,2024-12-13,0.00207783979497,NO_TRADE,SIDEWAYS,1,2024-10-14,NO_TRADE,NO_TRADE,0.27714953,0.46567142,0.257179
SHS,2024-12-13,-0.0151181180868,DOWN,SIDEWAYS,1,2024-10-14,NO_TRADE,NO_TRADE,0.33816677,0.3653698,0.2964634
VCB,2024-12-13,-0.00439418072176,NO_TRADE,SIDEWAYS,1,2024-10-14,NO_TRADE,NO_TRADE,0.26990995,0.6145773,0.11551279
FPT,2024-12-16,0.00261894518963,NO_TRADE,SIDEWAYS,1,2024-10-14,UP,BUY,0.30836964,0.19644663,0.4951837
HPG,2024-12-16,-0.00694447235281,DOWN,SIDEWAYS,1,2024-10-14,UP,BUY,0.32404613,0.30784062,0.36811328
PNJ,2024-12-16,0.0122194649059,UP,SIDEWAYS,1,2024-10-14,NO_TRADE,NO_TRADE,0.28747556,0.58967006,0.12285438
SHS,2024-12-16,0.00803217169726,UP,SIDEWAYS,1,2024-10-14,UP,BUY,0.3738339,0.18102886,0.44513726
VCB,2024-12-16,0.0,NO_TRADE,SIDEWAYS,1,2024-10-14,NO_TRADE,NO_TRADE,0.25884542,0.61874884,0.12240573
FPT,2024-12-17,-0.0127623970416,DOWN,SIDEWAYS,1,2024-10-14,DOWN,SELL,0.39483824,0.34659237,0.25856942
HPG,2024-12-17,0.0,NO_TRADE,SIDEWAYS,1,2024-10-14,UP,BUY,0.32772824,0.31732708,0.35494462
PNJ,2024-12-17,-0.00410937831333,NO_TRADE,SIDEWAYS,1,2024-10-14,NO_TRADE,NO_TRADE,0.28947747,0.4441708,0.26635176
SHS,2024-12-17,0.0,NO_TRADE,SIDEWAYS,1,2024-10-14,UP,BUY,0.35586137,0.18694694,0.45719168
VCB,2024-12-17,-0.00097911234976,NO_TRADE,SIDEWAYS,1,2024-10-14,NO_TRADE,NO_TRADE,0.2852562,0.5489996,0.16574419
FPT,2024-12-18,0.00472511190268,NO_TRADE,SIDEWAYS,1,2024-10-14,UP,BUY,0.30684736,0.2544579,0.43869472
HPG,2024-12-18,0.0128587330618,UP,SIDEWAYS,1,2024-10-14,NO_TRADE,NO_TRADE,0.28713733,0.43307972,0.27978298
PNJ,2024-12-18,-0.00301372263949,NO_TRADE,SIDEWAYS,1,2024-10-14,NO_TRADE,NO_TRADE,0.39421213,0.4700639,0.13572395
SHS,2024-12-18,0.0,NO_TRADE,SIDEWAYS,1,2024-10-14,UP,BUY,0.27509892,0.16327246,0.56162864
VCB,2024-12-18,0.00097911234976,NO_TRADE,SIDEWAYS,1,2024-10-14,NO_TRADE,NO_TRADE,0.32798466,0.5111631,0.1608522
FPT,2024-12-19,-0.00400288741998,NO_TRADE,SIDEWAYS,1,2024-10-14,UP,BUY,0.23713526,0.21556169,0.5473031
HPG,2024-12-19,-0.0188497644609,DOWN,SIDEWAYS,1,2024-10-14,UP,BUY,0.28533718,0.28858477,0.42607802
PNJ,2024-12-19,-0.000953591934944,NO_TRADE,SIDEWAYS,1,2024-10-14,NO_TRADE,NO_TRADE,0.37822565,0.4277093,0.19406497
SHS,2024-12-19,-0.0152264473313,DOWN,SIDEWAYS,1,2024-10-14,UP,BUY,0.25662547,0.24779268,0.4955818
VCB,2024-12-19,-0.00753114234106,DOWN,SIDEWAYS,1,2024-10-14,NO_TRADE,NO_TRADE,0.15456733,0.72189987,0.12353281
FPT,2024-12-20,0.00942122736932,UP,BEAR,1,2024-10-14,UP,BUY,0.30412817,0.27615827,0.41971353
HPG,2024-12-20,-0.0055234888107,DOWN,BEAR,1,2024-10-14,UP,BUY,0.22710142,0.26880035,0.50409824
PNJ,2024-12-20,-0.00414277201809,NO_TRADE,BEAR,1,2024-10-14,NO_TRADE,NO_TRADE,0.34109077,0.43519688,0.22371237
SHS,2024-12-20,-0.00815591290361,DOWN,BEAR,1,2024-10-14,UP,BUY,0.22616707,0.22435676,0.54947615
VCB,2024-12-20,0.00114970859342,NO_TRADE,BEAR,1,2024-10-14,NO_TRADE,NO_TRADE,0.13909914,0.6947239,0.1661769
FPT,2024-12-23,0.00198467893511,NO_TRADE,BEAR,1,2024-10-14,UP,BUY,0.24449348,0.3649888,0.3905177
HPG,2024-12-23,0.0115145202098,UP,BEAR,1,2024-10-14,NO_TRADE,NO_TRADE,0.20585258,0.56918585,0.2249615
PNJ,2024-12-23,0.00302909757318,NO_TRADE,BEAR,1,2024-10-14,NO_TRADE,NO_TRADE,0.21282144,0.6279111,0.1592675
SHS,2024-12-23,0.0,NO_TRADE,BEAR,1,2024-10-14,UP,BUY,0.25979257,0.2896203,0.4505871
VCB,2024-12-23,-0.00114970859342,NO_TRADE,BEAR,1,2024-10-14,NO_TRADE,NO_TRADE,0.14124493,0.70069015,0.15806493
FPT,2024-12-24,0.00403657202494,NO_TRADE,SIDEWAYS,2,2024-12-23,NO_TRADE,NO_TRADE,0.19799533,0.4562157,0.345789
HPG,2024-12-24,-0.0115145202098,DOWN,SIDEWAYS,2,2024-12-23,NO_TRADE,NO_TRADE,0.29817298,0.41759512,0.28423187
PNJ,2024-12-24,-0.000955566245669,NO_TRADE,SIDEWAYS,2,2024-12-23,NO_TRADE,NO_TRADE,0.14400634,0.6491204,0.2068733
SHS,2024-12-24,-0.00730596857055,DOWN,SIDEWAYS,2,2024-12-23,DOWN,SELL,0.35707623,0.3066396,0.33628416
VCB,2024-12-24,-0.00329218404348,NO_TRADE,SIDEWAYS,2,2024-12-23,NO_TRADE,NO_TRADE,0.10052962,0.6829954,0.21647501
FPT,2024-12-25,0.00260324369001,NO_TRADE,SIDEWAYS,2,2024-12-23,NO_TRADE,NO_TRADE,0.27691028,0.44928885,0.27380085
HPG,2024-12-25,0.0169749457901,UP,SIDEWAYS,2,2024-12-23,UP,BUY,0.30335104,0.34319356,0.3534554
PNJ,2024-12-25,0.00397551608913,NO_TRADE,SIDEWAYS,2,2024-12-23,NO_TRADE,NO_TRADE,0.24455723,0.5627126,0.19273014
SHS,2024-12-25,0.0154618814742,UP,SIDEWAYS,2,2024-12-23,DOWN,SELL,0.3995535,0.26039115,0.3400554
VCB,2024-12-25,0.00329218404348,NO_TRADE,SIDEWAYS,2,2024-12-23,NO_TRADE,NO_TRADE,0.15821435,0.64723665,0.19454901
FPT,2024-12-26,-0.00663981571495,DOWN,SIDEWAYS,2,2024-12-23,NO_TRADE,NO_TRADE,0.17722747,0.518821,0.30395156
HPG,2024-12-26,-0.00546042558032,DOWN,SIDEWAYS,2,2024-12-23,UP,BUY,0.30540437,0.31949845,0.37509716
PNJ,2024-12-26,-0.000952683463608,NO_TRADE,SIDEWAYS,2,2024-12-23,NO_TRADE,NO_TRADE,0.1870292,0.60919076,0.20378004
SHS,2024-12-26,-0.00815591290361,DOWN,SIDEWAYS,2,2024-12-23,UP,BUY,0.2597283,0.31727955,0.4229921
VCB,2024-12-26,-0.00329218404348,NO_TRADE,SIDEWAYS,2,2024-12-23,NO_TRADE,NO_TRADE,0.16088615,0.54911864,0.28999522
FPT,2024-12-27,-0.00134915301604,NO_TRADE,SIDEWAYS,2,2024-12-23,NO_TRADE,NO_TRADE,0.26250118,0.4476047,0.28989416
HPG,2024-12-27,-0.00599103139912,DOWN,SIDEWAYS,2,2024-12-23,NO_TRADE,NO_TRADE,0.31019917,0.407857,0.2819438
PNJ,2024-12-27,0.000952683463608,NO_TRADE,SIDEWAYS,2,2024-12-23,NO_TRADE,NO_TRADE,0.19831082,0.61091995,0.19076918
SHS,2024-12-27,0.0,NO_TRADE,SIDEWAYS,2,2024-12-23,NO_TRADE,NO_TRADE,0.2789292,0.38082972,0.3402411
VCB,2024-12-27,0.00115349769732,NO_TRADE,SIDEWAYS,2,2024-12-23,NO_TRADE,NO_TRADE,0.20047559,0.6145503,0.18497409
FPT,2024-12-30,0.00601743700135,UP,BULL,2,2024-12-23,NO_TRADE,NO_TRADE,0.28408718,0.49781483,0.21809798
HPG,2024-12-30,-0.00351141569728,NO_TRADE,BULL,2,2024-12-23,NO_TRADE,NO_TRADE,0.36121786,0.38157943,0.25720268
PNJ,2024-12-30,-0.000952683463608,NO_TRADE,BULL,2,2024-12-23,NO_TRADE,NO_TRADE,0.11425925,0.5774827,0.30825803
SHS,2024-12-30,0.0,NO_TRADE,BULL,2,2024-12-23,DOWN,SELL,0.37295043,0.35212392,0.27492565
VCB,2024-12-30,-0.00214327013048,NO_TRADE,BULL,2,2024-12-23,NO_TRADE,NO_TRADE,0.14622372,0.67013514,0.18364117
FPT,2024-12-31,0.0131745945712,UP,BULL,2,2024-12-23,NO_TRADE,NO_TRADE,0.28800982,0.44853005,0.2634601
HPG,2024-12-31,-0.00352378919874,NO_TRADE,BULL,2,2024-12-23,NO_TRADE,NO_TRADE,0.26607946,0.41860917,0.31531137
PNJ,2024-12-31,0.00412175599385,NO_TRADE,BULL,2,2024-12-23,NO_TRADE,NO_TRADE,0.20752905,0.5233304,0.26914057
SHS,2024-12-31,-0.0155894949972,DOWN,BULL,2,2024-12-23,DOWN,SELL,0.42419526,0.36418128,0.21162345
VCB,2024-12-31,-0.00878580040171,DOWN,BULL,2,2024-12-23,NO_TRADE,NO_TRADE,0.10654596,0.7211858,0.17226826
FPT,2025-01-02,-0.00327741221966,NO_TRADE,SIDEWAYS,2,2024-12-23,NO_TRADE,NO_TRADE,0.3192268,0.45608425,0.22468899
HPG,2025-01-02,0.0130262362951,UP,SIDEWAYS,2,2024-12-23,NO_TRADE,NO_TRADE,0.2037575,0.4296201,0.36662245
PNJ,2025-01-02,0.0,NO_TRADE,SIDEWAYS,2,2024-12-23,NO_TRADE,NO_TRADE,0.14751199,0.6996378,0.15285024
SHS,2025-01-02,0.0,NO_TRADE,SIDEWAYS,2,2024-12-23,DOWN,SELL,0.35822684,0.287331,0.35444212
VCB,2025-01-02,0.00762982636497,UP,SIDEWAYS,2,2024-12-23,NO_TRADE,NO_TRADE,0.20082653,0.4594027,0.3397708
FPT,2025-01-03,-0.0198932989071,DOWN,SIDEWAYS,2,2024-12-23,NO_TRADE,NO_TRADE,0.38095012,0.44248438,0.17656551
HPG,2025-01-03,-0.0150454192124,DOWN,SIDEWAYS,2,2024-12-23,DOWN,SELL,0.4249509,0.3902565,0.1847926
PNJ,2025-01-03,-0.0133781259462,DOWN,SIDEWAYS,2,2024-12-23,NO_TRADE,NO_TRADE,0.16923508,0.52017164,0.31059328
SHS,2025-01-03,-0.0233764735362,DOWN,SIDEWAYS,2,2024-12-23,DOWN,SELL,0.43293962,0.28143775,0.28562257
VCB,2025-01-03,0.00115597403674,NO_TRADE,SIDEWAYS,2,2024-12-23,NO_TRADE,NO_TRADE,0.28429732,0.5501085,0.1655942
FPT,2025-01-06,0.00199131851218,NO_TRADE,BEAR,2,2024-12-23,NO_TRADE,NO_TRADE,0.36061293,0.38633204,0.253055
HPG,2025-01-06,-0.0209351531519,DOWN,BEAR,2,2024-12-23,DOWN,SELL,0.3662017,0.33294904,0.30084923
PNJ,2025-01-06,0.00208216620432,NO_TRADE,BEAR,2,2024-12-23,NO_TRADE,NO_TRADE,0.250932,0.54474276,0.20432527
SHS,2025-01-06,-0.0239360398287,DOWN,BEAR,2,2024-12-23,UP,BUY,0.272504,0.23612067,0.49137533
VCB,2025-01-06,0.00969047576586,UP,BEAR,2,2024-12-23,NO_TRADE,NO_TRADE,0.12179998,0.738981,0.13921899
FPT,2025-01-07,0.0053172618435,UP,BEAR,2,2024-12-23,NO_TRADE,NO_TRADE,0.34584397,0.36532414,0.28883186
HPG,2025-01-07,0.0,NO_TRADE,BEAR,2,2024-12-23,UP,BUY,0.34450254,0.256402,0.39909548
PNJ,2025-01-07,-0.0229820763919,DOWN,BEAR,2,2024-12-23,NO_TRADE,NO_TRADE,0.17267476,0.6300834,0.19724187
SHS,2025-01-07,-0.0166100545656,DOWN,BEAR,2,2024-12-23,UP,BUY,0.27895653,0.18339574,0.5376477
VCB,2025-01-07,-0.00639503696213,DOWN,BEAR,2,2024-12-23,NO_TRADE,NO_TRADE,0.3350478,0.45792434,0.20702784
FPT,2025-01-08,-0.0120238738076,DOWN,BEAR,2,2024-12-23,NO_TRADE,NO_TRADE,0.36777768,0.3831495,0.24907278
HPG,2025-01-08,0.00771013842597,UP,BEAR,2,2024-12-23,DOWN,SELL,0.4240725,0.2583675,0.31756
PNJ,2025-01-08,0.0146272720092,UP,BEAR,2,2024-12-23,NO_TRADE,NO_TRADE,0.15919092,0.5161109,0.32469818
SHS,2025-01-08,0.0,NO_TRADE,BEAR,2,2024-12-23,UP,BUY,0.27948496,0.25003487,0.4704801
VCB,2025-01-08,0.000986517672905,NO_TRADE,BEAR,2,2024-12-23,NO_TRADE,NO_TRADE,0.19932614,0.6414882,0.15918563
FPT,2025-01-09,0.00335892830201,NO_TRADE,BEAR,2,2024-12-23,NO_TRADE,NO_TRADE,0.28349984,0.38959187,0.32690826
HPG,2025-01-09,-0.00977625486344,DOWN,BEAR,2,2024-12-23,NO_TRADE,NO_TRADE,0.3269104,0.37981948,0.29327008
PNJ,2025-01-09,-0.00940191720651,DOWN,BEAR,2,2024-12-23,NO_TRADE,NO_TRADE,0.18925665,0.5270298,0.28371358
SHS,2025-01-09,-0.0168906151644,DOWN,BEAR,2,2024-12-23,UP,BUY,0.23769908,0.2711922,0.49110875
VCB,2025-01-09,-0.00543793051338,DOWN,BEAR,2,2024-12-23,NO_TRADE,NO_TRADE,0.22980712,0.6073767,0.16281617
FPT,2025-01-10,-0.0101108227732,DOWN,BEAR,2,2024-12-23,NO_TRADE,NO_TRADE,0.24499144,0.44899142,0.30601713
HPG,2025-01-10,-0.0172103335248,DOWN,BEAR,2,2024-12-23,UP,BUY,0.35318622,0.23508377,0.41173005
PNJ,2025-01-10,-0.0137752260239,DOWN,BEAR,2,2024-12-23,NO_TRADE,NO_TRADE,0.18828227,0.5362929,0.27542484
SHS,2025-01-10,-0.0346619817009,DOWN,BEAR,2,2024-12-23,UP,BUY,0.24143703,0.21304643,0.54551655
VCB,2025-01-10,-0.00546766336048,DOWN,BEAR,2,2024-12-23,NO_TRADE,NO_TRADE,0.14545535,0.62895644,0.22558822
FPT,2025-01-13,0.00201426164868,NO_TRADE,BEAR,2,2024-12-23,NO_TRADE,NO_TRADE,0.3285978,0.34899902,0.3224032
HPG,2025-01-13,0.0135843259259,UP,BEAR,2,2024-12-23,UP,BUY,0.33781412,0.20319226,0.45899364
PNJ,2025-01-13,0.00641924679809,UP,BEAR,2,2024-12-23,NO_TRADE,NO_TRADE,0.20592171,0.41016266,0.3839156
SHS,2025-01-13,0.0,NO_TRADE,BEAR,2,2024-12-23,UP,BUY,0.13588616,0.19346705,0.67064685
VCB,2025-01-13,0.00546766336048,UP,BEAR,2,2024-12-23,NO_TRADE,NO_TRADE,0.2389299,0.52170575,0.23936431
FPT,2025-01-14,-0.0171291276574,DOWN,BEAR,2,2024-12-23,NO_TRADE,NO_TRADE,0.26172012,0.45370784,0.284572
HPG,2025-01-14,-0.00207792282559,NO_TRADE,BEAR,2,2024-12-23,NO_TRADE,NO_TRADE,0.32262668,0.37335643,0.30401692
PNJ,2025-01-14,0.0104456637717,UP,BEAR,2,2024-12-23,NO_TRADE,NO_TRADE,0.19259356,0.42211816,0.3852883
SHS,2025-01-14,-0.0177922014245,DOWN,BEAR,2,2024-12-23,UP,BUY,0.18686119,0.24182113,0.5713177
VCB,2025-01-14,-0.00215036060035,NO_TRADE,BEAR,2,2024-12-23,NO_TRADE,NO_TRADE,0.16453524,0.6059945,0.22947022
FPT,2025-01-15,0.0027800508502,NO_TRADE,BEAR,2,2024-12-23,UP,BUY,0.22093952,0.2882208,0.49083966
HPG,2025-01-15,0.0134299539188,UP,BEAR,2,2024-12-23,UP,BUY,0.2539947,0.34194827,0.40405703
PNJ,2025-01-15,-0.0115948061455,DOWN,BEAR,2,2024-12-23,NO_TRADE,NO_TRADE,0.2520739,0.5080576,0.23986848
SHS,2025-01-15,0.0352733663793,UP,BEAR,2,2024-12-23,UP,BUY,0.1287395,0.19852349,0.672737
VCB,2025-01-15,-0.00331730276013,NO_TRADE,BEAR,2,2024-12-23,NO_TRADE,NO_TRADE,0.16950797,0.5512432,0.27924883
FPT,2025-01-16,0.00683540784924,UP,BEAR,2,2024-12-23,UP,BUY,0.20798625,0.36383367,0.42818004
HPG,2025-01-16,0.00409626788852,NO_TRADE,BEAR,2,2024-12-23,NO_TRADE,NO_TRADE,0.3001218,0.38403934,0.3158388
PNJ,2025-01-16,0.00752744513267,UP,BEAR,2,2024-12-23,NO_TRADE,NO_TRADE,0.19128264,0.4621675,0.3465499
SHS,2025-01-16,0.0251648910943,UP,BEAR,2,2024-12-23,UP,BUY,0.22777927,0.2076474,0.56457335
VCB,2025-01-16,0.014186974997,UP,BEAR,2,2024-12-23,NO_TRADE,NO_TRADE,0.12191936,0.6705903,0.20749032
FPT,2025-01-17,0.0169665952324,UP,BEAR,2,2024-12-23,UP,BUY,0.19234121,0.37616846,0.43149033
HPG,2025-01-17,0.00712833975664,UP,BEAR,2,2024-12-23,NO_TRADE,NO_TRADE,0.28488162,0.44149694,0.27362144
PNJ,2025-01-17,0.00195439801623,NO_TRADE,BEAR,2,2024-12-23,NO_TRADE,NO_TRADE,0.19658408,0.56649363,0.23692232
SHS,2025-01-17,0.0255165953818,UP,BEAR,2,2024-12-23,NO_TRADE,NO_TRADE,0.33166748,0.34264717,0.32568535
VCB,2025-01-17,-0.00213167252975,NO_TRADE,BEAR,2,2024-12-23,NO_TRADE,NO_TRADE,0.18832791,0.44294873,0.36872342
FPT,2025-01-20,0.0066751678246,UP,BEAR,2,2024-12-23,NO_TRADE,NO_TRADE,0.28318086,0.43872347,0.27809566
HPG,2025-01-20,-0.00152322954052,NO_TRADE,BEAR,2,2024-12-23,NO_TRADE,NO_TRADE,0.33339357,0.39226452,0.27434194
PNJ,2025-01-20,0.00955395494828,UP,BEAR,2,2024-12-23,NO_TRADE,NO_TRADE,0.14873673,0.6244252,0.2268381
SHS,2025-01-20,-0.0166100545656,DOWN,BEAR,2,2024-12-23,DOWN,SELL,0.5669897,0.22827166,0.20473863
VCB,2025-01-20,-0.00873799970715,DOWN,BEAR,2,2024-12-23,NO_TRADE,NO_TRADE,0.18202575,0.56584793,0.2521263
FPT,2025-01-21,-0.00071306899983,NO_TRADE,BEAR,2,2024-12-23,NO_TRADE,NO_TRADE,0.29647753,0.41987142,0.283651
HPG,2025-01-21,-0.00560511021612,DOWN,BEAR,2,2024-12-23,NO_TRADE,NO_TRADE,0.30620617,0.40400586,0.28978795
PNJ,2025-01-21,-0.00533248415566,DOWN,BEAR,2,2024-12-23,NO_TRADE,NO_TRADE,0.18672049,0.5762938,0.23698571
SHS,2025-01-21,0.0319949734051,UP,BEAR,2,2024-12-23,DOWN,SELL,0.5648699,0.23898779,0.1961423
VCB,2025-01-21,-0.00331730276013,NO_TRADE,BEAR,2,2024-12-23,NO_TRADE,NO_TRADE,0.15116328,0.58827853,0.2605582
FPT,2025-01-22,-0.00126893505805,NO_TRADE,BEAR,2,2024-12-23,NO_TRADE,NO_TRADE,0.32061964,0.40974852,0.26963183
HPG,2025-01-22,-0.00615071134353,DOWN,BEAR,2,2024-12-23,NO_TRADE,NO_TRADE,0.33685207,0.40151435,0.26163355
PNJ,2025-01-22,0.00210407134354,NO_TRADE,BEAR,2,2024-12-23,NO_TRADE,NO_TRADE,0.20290859,0.5251875,0.2719039
SHS,2025-01-22,0.0,NO_TRADE,BEAR,2,2024-12-23,DOWN,SELL,0.53175825,0.2680588,0.2001829
VCB,2025-01-22,-0.0021621630045,NO_TRADE,BEAR,2,2024-12-23,NO_TRADE,NO_TRADE,0.18527764,0.52798736,0.28673497
FPT,2025-01-23,0.030249678353,UP,BEAR,2,2024-12-23,DOWN,SELL,0.4078676,0.39520806,0.19692431
HPG,2025-01-23,0.0193488724672,UP,BEAR,2,2024-12-23,DOWN,SELL,0.37268463,0.36792046,0.2593949
PNJ,2025-01-23,0.0134898464474,UP,BEAR,2,2024-12-23,NO_TRADE,NO_TRADE,0.19860594,0.5552604,0.24613367
SHS,2025-01-23,0.0319275945254,UP,BEAR,2,2024-12-23,DOWN,SELL,0.57462966,0.25813627,0.167234
VCB,2025-01-23,0.0142174654718,UP,BEAR,2,2024-12-23,NO_TRADE,NO_TRADE,0.24201274,0.49026334,0.26772392
FPT,2025-01-24,-0.00586874271301,DOWN,BULL,2,2024-12-23,DOWN,SELL,0.5087148,0.2578421,0.23344317
HPG,2025-01-24,-0.00404245118457,NO_TRADE,BULL,2,2024-12-23,NO_TRADE,NO_TRADE,0.21284482,0.442465,0.3446902
PNJ,2025-01-24,0.00509149866809,UP,BULL,2,2024-12-23,NO_TRADE,NO_TRADE,0.12935212,0.51634157,0.35430634
SHS,2025-01-24,0.0,NO_TRADE,BULL,2,2024-12-23,DOWN,SELL,0.4272036,0.26770723,0.3050892
VCB,2025-01-24,0.000984413533148,NO_TRADE,BULL,2,2024-12-23,NO_TRADE,NO_TRADE,0.14477456,0.472127,0.38309842
FPT,2025-02-03,-0.0528761024884,DOWN,BULL,2,2024-12-23,NO_TRADE,NO_TRADE,0.21707204,0.58820295,0.19472507
HPG,2025-02-03,-0.00558518842081,DOWN,BULL,2,2024-12-23,NO_TRADE,NO_TRADE,0.22879668,0.5131956,0.25800776
PNJ,2025-02-03,0.00522359715653,UP,BULL,2,2024-12-23,NO_TRADE,NO_TRADE,0.13906287,0.6859413,0.17499582
SHS,2025-02-03,0.00828352642664,UP,BULL,2,2024-12-23,DOWN,SELL,0.53422844,0.24813637,0.21763521
VCB,2025-02-03,-0.0107164491074,DOWN,BULL,2,2024-12-23,NO_TRADE,NO_TRADE,0.16037986,0.54710335,0.2925168
FPT,2025-02-04,0.00480593927915,NO_TRADE,BEAR,2,2024-12-23,UP,BUY,0.16771513,0.19827464,0.6340102
HPG,2025-02-04,0.0166628445014,UP,BEAR,2,2024-12-23,NO_TRADE,NO_TRADE,0.24727827,0.43994385,0.31277794
PNJ,2025-02-04,0.000946820332687,NO_TRADE,BEAR,2,2024-12-23,NO_TRADE,NO_TRADE,0.2174127,0.5802205,0.20236681
SHS,2025-02-04,0.0673416464535,UP,BEAR,2,2024-12-23,DOWN,SELL,0.43794313,0.27591902,0.2861379
VCB,2025-02-04,0.00430037050423,NO_TRADE,BEAR,2,2024-12-23,NO_TRADE,NO_TRADE,0.13398942,0.63651645,0.22949411
FPT,2025-02-05,0.00064987817072,NO_TRADE,BULL,2,2024-12-23,UP,BUY,0.23599528,0.28050134,0.4835034
HPG,2025-02-05,-0.00150338289403,NO_TRADE,BULL,2,2024-12-23,NO_TRADE,NO_TRADE,0.25132036,0.50290006,0.24577959
PNJ,2025-02-05,0.0,NO_TRADE,BULL,2,2024-12-23,NO_TRADE,NO_TRADE,0.1392147,0.70037127,0.16041404
SHS,2025-02-05,-0.00774197415362,DOWN,BULL,2,2024-12-23,DOWN,SELL,0.38691753,0.33099997,0.2820825
VCB,2025-02-05,0.00641607860321,UP,BULL,2,2024-12-23,NO_TRADE,NO_TRADE,0.0959924,0.61969817,0.28430945
FPT,2025-02-06,0.00137959039937,NO_TRADE,BULL,2,2024-12-23,UP,BUY,0.3209018,0.32318908,0.3559091
HPG,2025-02-06,0.0,NO_TRADE,BULL,2,2024-12-23,NO_TRADE,NO_TRADE,0.25254217,0.5951606,0.15229726
PNJ,2025-02-06,0.0142512787036,UP,BULL,2,2024-12-23,NO_TRADE,NO_TRADE,0.13792148,0.76579225,0.09628624
SHS,2025-02-06,0.0,NO_TRADE,BULL,2,2024-12-23,DOWN,SELL,0.53013337,0.25472,0.21514662
VCB,2025-02-06,0.00327439716265,NO_TRADE,BULL,2,2024-12-23,NO_TRADE,NO_TRADE,0.14888796,0.70504636,0.14606568
FPT,2025-02-07,-0.00267976935712,NO_TRADE,BULL,2,2024-12-23,DOWN,SELL,0.41157985,0.29007742,0.2983428
HPG,2025-02-07,-0.00553182200199,DOWN,BULL,2,2024-12-23,NO_TRADE,NO_TRADE,0.33627442,0.49303553,0.17069012
PNJ,2025-02-07,-0.0131477868284,DOWN,BULL,2,2024-12-23,NO_TRADE,NO_TRADE,0.23476546,0.607446,0.15778857
SHS,2025-02-07,-0.00693243677564,DOWN,BULL,2,2024-12-23,DOWN,SELL,0.5728519,0.20895524,0.21819286
VCB,2025-02-07,0.00114351070208,NO_TRADE,BULL,2,2024-12-23,NO_TRADE,NO_TRADE,0.24268635,0.6196293,0.13768436
FPT,2025-02-10,-0.0285380191408,DOWN,BULL,2,2024-12-23,DOWN,SELL,0.38799343,0.28866717,0.3233394
HPG,2025-02-10,-0.0480340204661,DOWN,BULL,2,2024-12-23,NO_TRADE,NO_TRADE,0.29605457,0.5322493,0.1716962
PNJ,2025-02-10,-0.0260169490392,DOWN,BULL,2,2024-12-23,NO_TRADE,NO_TRADE,0.24805762,0.5960589,0.1558835
SHS,2025-02-10,-0.0148929603293,DOWN,BULL,2,2024-12-23,DOWN,SELL,0.60321623,0.17165546,0.22512832
VCB,2025-02-10,-0.00869071633746,DOWN,BULL,2,2024-12-23,NO_TRADE,NO_TRADE,0.23160149,0.64917654,0.11922196
FPT,2025-02-11,0.0237289460097,UP,BULL,2,2024-12-23,UP,BUY,0.23029129,0.29462156,0.4750872
HPG,2025-02-11,0.0271415407976,UP,BULL,2,2024-12-23,UP,BUY,0.22129779,0.16438589,0.6143163
PNJ,2025-02-11,-0.00730344883976,DOWN,BULL,2,2024-12-23,NO_TRADE,NO_TRADE,0.1707728,0.46361002,0.36561722
SHS,2025-02-11,0.00703608883407,UP,BULL,2,2024-12-23,DOWN,SELL,0.4283765,0.20313916,0.36848438
VCB,2025-02-11,-0.00329924416722,NO_TRADE,BULL,2,2024-12-23,NO_TRADE,NO_TRADE,0.1782593,0.5543908,0.26734996
FPT,2025-02-12,-0.00278187055528,NO_TRADE,BULL,2,2024-12-23,NO_TRADE,NO_TRADE,0.3141032,0.36411124,0.32178554
HPG,2025-02-12,-0.00983190326249,DOWN,BULL,2,2024-12-23,DOWN,SELL,0.4296941,0.27629766,0.2940083
PNJ,2025-02-12,0.00519903689357,UP,BULL,2,2024-12-23,NO_TRADE,NO_TRADE,0.23832501,0.47552553,0.2861494
SHS,2025-02-12,0.0,NO_TRADE,BULL,2,2024-12-23,UP,BUY,0.33124316,0.30659133,0.3621655
VCB,2025-02-12,-0.004305355218,NO_TRADE,BULL,2,2024-12-23,NO_TRADE,NO_TRADE,0.15526544,0.65410507,0.19062951
FPT,2025-02-13,-0.0131960677781,DOWN,BULL,2,2024-12-23,UP,BUY,0.25433186,0.33280656,0.41286162
HPG,2025-02-13,0.00207792282559,NO_TRADE,BULL,2,2024-12-23,DOWN,SELL,0.452083,0.22762007,0.320297
PNJ,2025-02-13,0.0,NO_TRADE,BULL,2,2024-12-23,NO_TRADE,NO_TRADE,0.15558174,0.56102824,0.28338996
SHS,2025-02-13,0.0,NO_TRADE,BULL,2,2024-12-23,UP,BUY,0.35217664,0.27297077,0.37485263
VCB,2025-02-13,0.00116095875052,NO_TRADE,BULL,2,2024-12-23,NO_TRADE,NO_TRADE,0.23297891,0.50440335,0.26261774
FPT,2025-02-14,0.0125403837943,UP,BULL,2,2024-12-23,UP,BUY,0.35580376,0.2725747,0.37162158
HPG,2025-02-14,0.0077539804369,UP,BULL,2,2024-12-23,DOWN,SELL,0.3842544,0.23970199,0.3760436
PNJ,2025-02-14,0.00629999660646,UP,BULL,2,2024-12-23,NO_TRADE,NO_TRADE,0.17992733,0.5186333,0.30143937
SHS,2025-02-14,0.0147893082709,UP,BULL,2,2024-12-23,UP,BUY,0.2845904,0.32546964,0.38994
VCB,2025-02-14,0.0,NO_TRADE,BULL,2,2024-12-23,NO_TRADE,NO_TRADE,0.15629445,0.61890936,0.22479624
FPT,2025-02-17,-0.00905952498378,DOWN,BULL,2,2024-12-23,DOWN,SELL,0.48631173,0.24995844,0.2637298
HPG,2025-02-17,0.00154360720128,NO_TRADE,BULL,2,2024-12-23,DOWN,SELL,0.54952705,0.22082293,0.22965
PNJ,2025-02-17,-0.00209559196542,NO_TRADE,BULL,2,2024-12-23,NO_TRADE,NO_TRADE,0.2657077,0.5175699,0.21672238
SHS,2025-02-17,0.022204157311,UP,BULL,2,2024-12-23,DOWN,SELL,0.45929426,0.27226743,0.2684383
VCB,2025-02-17,0.0,NO_TRADE,BULL,2,2024-12-23,NO_TRADE,NO_TRADE,0.21947552,0.6446881,0.13583635
FPT,2025-02-18,0.00206620181777,NO_TRADE,BULL,2,2024-12-23,DOWN,SELL,0.45611382,0.29384258,0.25004354
HPG,2025-02-18,0.0153064212827,UP,BULL,2,2024-12-23,DOWN,SELL,0.47447464,0.34496757,0.1805578
PNJ,2025-02-18,-0.0190606080019,DOWN,BULL,2,2024-12-23,NO_TRADE,NO_TRADE,0.2755089,0.49731612,0.22717494
SHS,2025-02-18,0.014256006636,UP,BULL,2,2024-12-23,DOWN,SELL,0.62838924,0.22102283,0.1505879
VCB,2025-02-18,0.0,NO_TRADE,BULL,2,2024-12-23,NO_TRADE,NO_TRADE,0.18825074,0.4524278,0.35932148
FPT,2025-02-19,0.000742788793282,NO_TRADE,BULL,2,2024-12-23,DOWN,SELL,0.39732295,0.28073812,0.3219389
HPG,2025-02-19,-0.0020273701825,NO_TRADE,BULL,2,2024-12-23,DOWN,SELL,0.46676472,0.36129686,0.17193845
PNJ,2025-02-19,0.0148562033609,UP,BULL,2,2024-12-23,NO_TRADE,NO_TRADE,0.30317163,0.41164792,0.28518048
SHS,2025-02-19,0.00663902853481,UP,BULL,2,2024-12-23,DOWN,SELL,0.5942782,0.21110399,0.19461782
VCB,2025-02-19,0.000994035867139,NO_TRADE,BULL,2,2024-12-23,NO_TRADE,NO_TRADE,0.21510439,0.47512773,0.30976793
FPT,2025-02-20,-0.00695424609078,DOWN,BULL,2,2024-12-23,DOWN,SELL,0.52336764,0.17301574,0.30361664
HPG,2025-02-20,0.0020273701825,NO_TRADE,BULL,2,2024-12-23,DOWN,SELL,0.43347746,0.3608615,0.20566098
PNJ,2025-02-20,-0.00944324829234,DOWN,BULL,2,2024-12-23,NO_TRADE,NO_TRADE,0.3626401,0.38794485,0.24941505
SHS,2025-02-20,0.00741659765505,UP,BULL,2,2024-12-23,DOWN,SELL,0.5124327,0.24214232,0.245425
VCB,2025-02-20,0.0,NO_TRADE,BULL,2,2024-12-23,NO_TRADE,NO_TRADE,0.2137118,0.5048807,0.28140745
FPT,2025-02-21,-0.00708661100714,DOWN,BULL,2,2024-12-23,DOWN,SELL,0.54885346,0.22457275,0.22657378
HPG,2025-02-21,-0.00355059972302,NO_TRADE,BULL,2,2024-12-23,NO_TRADE,NO_TRADE,0.39915076,0.42205325,0.178796
PNJ,2025-02-21,0.002124357364,NO_TRADE,BULL,2,2024-12-23,NO_TRADE,NO_TRADE,0.40932047,0.41926232,0.17141718
SHS,2025-02-21,-0.0140556261899,DOWN,BULL,2,2024-12-23,DOWN,SELL,0.5576722,0.22674587,0.2155819
VCB,2025-02-21,0.0151194334548,UP,BULL,2,2024-12-23,NO_TRADE,NO_TRADE,0.20855655,0.51759726,0.27384618
FPT,2025-02-24,-0.0105981309918,DOWN,BULL,2,2024-12-23,DOWN,SELL,0.49376395,0.24899139,0.25724468
HPG,2025-02-24,0.0461735032783,UP,BULL,2,2024-12-23,DOWN,SELL,0.48980653,0.33011886,0.18007457
PNJ,2025-02-24,0.00309673460741,NO_TRADE,BULL,2,2024-12-23,NO_TRADE,NO_TRADE,0.36043635,0.37561914,0.2639445
SHS,2025-02-24,0.0206022944162,UP,BULL,2,2024-12-23,DOWN,SELL,0.54998,0.2326039,0.21741608
VCB,2025-02-24,0.00439418072176,NO_TRADE,BULL,2,2024-12-23,NO_TRADE,NO_TRADE,0.3260453,0.5443328,0.1296219
FPT,2025-02-25,-0.0107116555949,DOWN,BULL,2,2024-12-23,DOWN,SELL,0.39930886,0.24705447,0.35363662
HPG,2025-02-25,-0.00730463437889,DOWN,BULL,2,2024-12-23,DOWN,SELL,0.6041954,0.19877654,0.19702803
PNJ,2025-02-25,0.00955550229629,UP,BULL,2,2024-12-23,NO_TRADE,NO_TRADE,0.32501665,0.36853915,0.3064442
SHS,2025-02-25,-0.00654666822631,DOWN,BULL,2,2024-12-23,DOWN,SELL,0.4141498,0.2916367,0.29421353
VCB,2025-02-25,-0.00979120093625,DOWN,BULL,2,2024-12-23,NO_TRADE,NO_TRADE,0.29017687,0.5848282,0.1249949
FPT,2025-02-26,0.0199702016577,UP,BULL,2,2024-12-23,DOWN,SELL,0.5271007,0.25341356,0.21948573
HPG,2025-02-26,0.00875918008988,UP,BULL,2,2024-12-23,DOWN,SELL,0.60993564,0.21660139,0.17346296
PNJ,2025-02-26,0.000966650631095,NO_TRADE,BULL,2,2024-12-23,NO_TRADE,NO_TRADE,0.4109273,0.43702972,0.15204303
SHS,2025-02-26,-0.00741659765505,DOWN,BULL,2,2024-12-23,DOWN,SELL,0.53683096,0.2573252,0.20584379
VCB,2025-02-26,-0.00312063979948,NO_TRADE,BULL,2,2024-12-23,NO_TRADE,NO_TRADE,0.38291955,0.47062334,0.14645714
FPT,2025-02-27,-0.003524972177,NO_TRADE,BULL,2,2024-12-23,DOWN,SELL,0.5128868,0.28535223,0.20176089
HPG,2025-02-27,0.0248816663767,UP,BULL,2,2024-12-23,DOWN,SELL,0.708509,0.17981768,0.11167329
PNJ,2025-02-27,-0.00938366374204,DOWN,BULL,2,2024-12-23,NO_TRADE,NO_TRADE,0.37972653,0.45782733,0.16244616
SHS,2025-02-27,0.0,NO_TRADE,BULL,2,2024-12-23,DOWN,SELL,0.60937065,0.23705128,0.15357807
VCB,2025-02-27,0.0182564157705,UP,BULL,2,2024-12-23,NO_TRADE,NO_TRADE,0.32334748,0.54655063,0.1301019
FPT,2025-02-28,-0.00717211866526,DOWN,BULL,2,2024-12-23,DOWN,SELL,0.57693046,0.24646355,0.17660598
HPG,2025-02-28,-0.0157183517172,DOWN,BULL,2,2024-12-23,DOWN,SELL,0.68639094,0.20818156,0.1054275
PNJ,2025-02-28,-0.00750533789066,DOWN,BULL,2,2024-12-23,DOWN,SELL,0.4170143,0.4116162,0.17136954
SHS,2025-02-28,0.0,NO_TRADE,BULL,2,2024-12-23,DOWN,SELL,0.62694794,0.23004863,0.14300343
VCB,2025-02-28,-0.00762062869172,DOWN,BULL,2,2024-12-23,NO_TRADE,NO_TRADE,0.3410633,0.53158724,0.12734947
FPT,2025-03-03,0.00143854477949,NO_TRADE,BULL,2,2024-12-23,DOWN,SELL,0.5080254,0.30682752,0.18514708
HPG,2025-03-03,0.00191846581623,NO_TRADE,BULL,2,2024-12-23,DOWN,SELL,0.7277146,0.14605626,0.12622912
PNJ,2025-03-03,0.0011457567339,NO_TRADE,BULL,2,2024-12-23,NO_TRADE,NO_TRADE,0.37156925,0.4609568,0.16747388
SHS,2025-03-03,-0.0285254240365,DOWN,BULL,2,2024-12-23,DOWN,SELL,0.49519667,0.29753038,0.20727292
VCB,2025-03-03,0.0,NO_TRADE,BULL,2,2024-12-23,NO_TRADE,NO_TRADE,0.29927537,0.61340845,0.087316185
FPT,2025-03-04,-0.00355781823831,NO_TRADE,BULL,2,2024-12-23,DOWN,SELL,0.60640544,0.2150647,0.17852984
HPG,2025-03-04,-0.00721330369783,DOWN,BULL,2,2024-12-23,DOWN,SELL,0.5917245,0.27272946,0.13554604
PNJ,2025-03-04,0.000981033433815,NO_TRADE,BULL,2,2024-12-23,NO_TRADE,NO_TRADE,0.36024773,0.4073957,0.2323566
SHS,2025-03-04,-0.0068317942917,DOWN,BULL,2,2024-12-23,DOWN,SELL,0.49305534,0.25571197,0.25123265
VCB,2025-03-04,-0.00309723941458,NO_TRADE,BULL,2,2024-12-23,NO_TRADE,NO_TRADE,0.32468325,0.5457503,0.12956639
FPT,2025-03-05,-0.00647031033069,DOWN,BULL,2,2024-12-23,DOWN,SELL,0.62764513,0.24395394,0.12840086
HPG,2025-03-05,-0.0111624551405,DOWN,BULL,2,2024-12-23,DOWN,SELL,0.61864656,0.26211482,0.11923862
PNJ,2025-03-05,-0.0128291233238,DOWN,BULL,2,2024-12-23,NO_TRADE,NO_TRADE,0.33993852,0.41974255,0.24031895
SHS,2025-03-05,-0.00774197415362,DOWN,BULL,2,2024-12-23,DOWN,SELL,0.5484901,0.25215355,0.19935633
VCB,2025-03-05,0.0,NO_TRADE,BULL,2,2024-12-23,NO_TRADE,NO_TRADE,0.3192545,0.5775214,0.10322417
FPT,2025-03-06,0.0178613966709,UP,BULL,2,2024-12-23,DOWN,SELL,0.39067844,0.27738065,0.3319409
HPG,2025-03-06,0.0145351396191,UP,BULL,2,2024-12-23,DOWN,SELL,0.52355456,0.26145494,0.2149905
PNJ,2025-03-06,0.00758578835518,UP,BULL,2,2024-12-23,UP,BUY,0.26656067,0.3600454,0.37339392
SHS,2025-03-06,0.0430991924819,UP,BULL,2,2024-12-23,DOWN,SELL,0.48904622,0.1958118,0.31514195
VCB,2025-03-06,0.00537329307152,UP,BULL,2,2024-12-23,NO_TRADE,NO_TRADE,0.2728051,0.56819475,0.15900013
FPT,2025-03-07,-0.00142731227791,NO_TRADE,BULL,2,2024-12-23,DOWN,SELL,0.55366206,0.26960734,0.17673062
HPG,2025-03-07,0.00384061921919,NO_TRADE,BULL,2,2024-12-23,DOWN,SELL,0.5454491,0.2434749,0.21107596
PNJ,2025-03-07,0.00213342166748,NO_TRADE,BULL,2,2024-12-23,NO_TRADE,NO_TRADE,0.33338153,0.35765603,0.30896246
SHS,2025-03-07,0.00741659765505,UP,BULL,2,2024-12-23,DOWN,SELL,0.66572124,0.15157238,0.18270642
VCB,2025-03-07,0.016907254041,UP,BULL,2,2024-12-23,DOWN,SELL,0.42907014,0.40782169,0.16310811
FPT,2025-03-10,-0.0149831388903,DOWN,BULL,2,2024-12-23,DOWN,SELL,0.49991387,0.32036358,0.17972255
HPG,2025-03-10,-0.00384061921919,NO_TRADE,BULL,2,2024-12-23,DOWN,SELL,0.47729373,0.3226973,0.200009
PNJ,2025-03-10,-0.00641396821012,DOWN,BULL,2,2024-12-23,NO_TRADE,NO_TRADE,0.2988476,0.48112464,0.22002785
SHS,2025-03-10,0.00654666822631,UP,BULL,2,2024-12-23,DOWN,SELL,0.5797018,0.20599453,0.21430373
VCB,2025-03-10,0.0177247875012,UP,BULL,2,2024-12-23,NO_TRADE,NO_TRADE,0.2773104,0.5665523,0.15613732
FPT,2025-03-11,-0.0129621111807,DOWN,BULL,3,2025-03-10,DOWN,SELL,0.50376576,0.38320872,0.11302553
HPG,2025-03-11,0.00718910357247,UP,BULL,3,2025-03-10,DOWN,SELL,0.49690598,0.40169707,0.10139691
PNJ,2025-03-11,0.000989445991013,NO_TRADE,BULL,3,2025-03-10,NO_TRADE,NO_TRADE,0.37181717,0.50711554,0.121067315
SHS,2025-03-11,0.00650408796918,UP,BULL,3,2025-03-10,DOWN,SELL,0.63350844,0.20417342,0.16231817
VCB,2025-03-11,0.0,NO_TRADE,BULL,3,2025-03-10,NO_TRADE,NO_TRADE,0.42449066,0.4688217,0.10668765
FPT,2025-03-12,-0.0117326336081,DOWN,BULL,3,2025-03-10,DOWN,SELL,0.4500074,0.34471956,0.20527306
HPG,2025-03-12,-0.0124941558022,DOWN,BULL,3,2025-03-10,DOWN,SELL,0.41883746,0.41672686,0.16443567
PNJ,2025-03-12,-0.0260492271179,DOWN,BULL,3,2025-03-10,NO_TRADE,NO_TRADE,0.32868737,0.47749776,0.19381492
SHS,2025-03-12,0.0271799305318,UP,BULL,3,2025-03-10,DOWN,SELL,0.5712642,0.16989344,0.25884238
VCB,2025-03-12,0.0296730161643,UP,BULL,3,2025-03-10,DOWN,SELL,0.50023705,0.36235002,0.13741292
FPT,2025-03-13,0.00444852231713,NO_TRADE,BULL,3,2025-03-10,DOWN,SELL,0.5975354,0.25505474,0.14740989
HPG,2025-03-13,-0.00339065473786,NO_TRADE,BULL,3,2025-03-10,DOWN,SELL,0.5365517,0.36032733,0.10312097
PNJ,2025-03-13,-0.0110573551532,DOWN,BULL,3,2025-03-10,DOWN,SELL,0.5024083,0.25186035,0.24573132
SHS,2025-03-13,-0.0199130434865,DOWN,BULL,3,2025-03-10,DOWN,SELL,0.5818368,0.24077117,0.177392
VCB,2025-03-13,-0.0181320271806,DOWN,BULL,3,2025-03-10,DOWN,SELL,0.6280591,0.24093574,0.13100515
FPT,2025-03-14,-0.0381420957665,DOWN,BULL,3,2025-03-10,DOWN,SELL,0.43206686,0.26685098,0.30108216
HPG,2025-03-14,-0.00583943265156,DOWN,BULL,3,2025-03-10,DOWN,SELL,0.39381853,0.3683517,0.23782974
PNJ,2025-03-14,-0.0291586086383,DOWN,BULL,3,2025-03-10,UP,BUY,0.28103247,0.2451204,0.47384715
SHS,2025-03-14,0.0135839084348,UP,BULL,3,2025-03-10,DOWN,SELL,0.485796,0.1780088,0.33619514
VCB,2025-03-14,0.00756935721867,UP,BULL,3,2025-03-10,DOWN,SELL,0.49400946,0.25887635,0.24711412
FPT,2025-03-17,-0.0107264004526,DOWN,BULL,3,2025-03-10,DOWN,SELL,0.4725107,0.16262616,0.36486316
HPG,2025-03-17,0.0111624551405,UP,BULL,3,2025-03-10,DOWN,SELL,0.37878662,0.35963523,0.26157814
PNJ,2025-03-17,0.00561996561714,UP,BULL,3,2025-03-10,UP,BUY,0.3593947,0.23039354,0.4102118
SHS,2025-03-17,0.00632913505165,UP,BULL,3,2025-03-10,DOWN,SELL,0.5081597,0.1510868,0.3407535
VCB,2025-03-17,0.0195068666308,UP,BULL,3,2025-03-10,DOWN,SELL,0.45702556,0.2881338,0.25484064
FPT,2025-03-18,0.0,NO_TRADE,BULL,3,2025-03-10,DOWN,SELL,0.49357998,0.20230734,0.30411264
HPG,2025-03-18,-0.00921218636044,DOWN,BULL,3,2025-03-10,DOWN,SELL,0.5039344,0.28387094,0.21219468
PNJ,2025-03-18,0.00332197175852,NO_TRADE,BULL,3,2025-03-10,DOWN,SELL,0.49209058,0.1938078,0.31410164
SHS,2025-03-18,-0.00632913505165,DOWN,BULL,3,2025-03-10,DOWN,SELL,0.54033035,0.14369792,0.31597173
VCB,2025-03-18,-0.00742258955849,DOWN,BULL,3,2025-03-10,DOWN,SELL,0.5475345,0.21844718,0.23401831
FPT,2025-03-19,-0.0423768491802,DOWN,BULL,3,2025-03-10,UP,BUY,0.24071373,0.15601973,0.60326654
HPG,2025-03-19,-0.0127452705669,DOWN,BULL,3,2025-03-10,DOWN,SELL,0.3619445,0.27682984,0.3612257
PNJ,2025-03-19,0.0,NO_TRADE,BULL,3,2025-03-10,UP,BUY,0.26506025,0.15541114,0.57952857
SHS,2025-03-19,-0.0135839084348,DOWN,BULL,3,2025-03-10,UP,BUY,0.40981454,0.13937934,0.4508061
VCB,2025-03-19,-0.00457178486026,NO_TRADE,BULL,3,2025-03-10,DOWN,SELL,0.40380314,0.29392564,0.30227125
FPT,2025-03-20,0.00323655684722,NO_TRADE,BULL,3,2025-03-10,UP,BUY,0.28313205,0.11506375,0.6018042
HPG,2025-03-20,-0.00345935605675,NO_TRADE,BULL,3,2025-03-10,UP,BUY,0.30933288,0.29665026,0.3940169
PNJ,2025-03-20,0.0179904523451,UP,BULL,3,2025-03-10,UP,BUY,0.25161391,0.2436222,0.50476384
SHS,2025-03-20,0.0135839084348,UP,BULL,3,2025-03-10,UP,BUY,0.35093725,0.18587565,0.46318713
VCB,2025-03-20,0.00457178486026,NO_TRADE,BULL,3,2025-03-10,NO_TRADE,NO_TRADE,0.258928,0.43182838,0.3092436
FPT,2025-03-21,0.0236675209497,UP,BULL,3,2025-03-10,DOWN,SELL,0.4092854,0.23037858,0.36033604
HPG,2025-03-21,0.0,NO_TRADE,BULL,3,2025-03-10,DOWN,SELL,0.4033386,0.31277734,0.28388405
PNJ,2025-03-21,-0.00223118602815,NO_TRADE,BULL,3,2025-03-10,DOWN,SELL,0.36530975,0.30470878,0.32998142
SHS,2025-03-21,-0.0135839084348,DOWN,BULL,3,2025-03-10,DOWN,SELL,0.4499532,0.2727806,0.2772662
VCB,2025-03-21,-0.0120842770723,DOWN,BULL,3,2025-03-10,NO_TRADE,NO_TRADE,0.2774212,0.4664,0.25617877
FPT,2025-03-24,0.00776631122492,UP,BULL,3,2025-03-10,DOWN,SELL,0.5176182,0.14745858,0.33492324
HPG,2025-03-24,0.0,NO_TRADE,BULL,3,2025-03-10,DOWN,SELL,0.4167089,0.29363284,0.2896583
PNJ,2025-03-24,-0.0122743351022,DOWN,BULL,3,2025-03-10,DOWN,SELL,0.43936336,0.2617305,0.29890618
SHS,2025-03-24,0.0269857645218,UP,BULL,3,2025-03-10,DOWN,SELL,0.44255155,0.24656704,0.31088138
VCB,2025-03-24,0.00751249221205,UP,BULL,3,2025-03-10,NO_TRADE,NO_TRADE,0.31018403,0.46342614,0.22638986
FPT,2025-03-25,-0.0195300543904,DOWN,BULL,3,2025-03-10,DOWN,SELL,0.49836925,0.13096273,0.370668
HPG,2025-03-25,0.0014840467725,NO_TRADE,BULL,3,2025-03-10,UP,BUY,0.3772364,0.22079873,0.4019649
PNJ,2025-03-25,-0.00785824352916,DOWN,BULL,3,2025-03-10,UP,BUY,0.29002738,0.25489417,0.4550785
SHS,2025-03-25,-0.00707272103537,DOWN,BULL,3,2025-03-10,DOWN,SELL,0.4943018,0.14715652,0.3585417
VCB,2025-03-25,-0.00443934904358,NO_TRADE,BULL,3,2025-03-10,NO_TRADE,NO_TRADE,0.28230304,0.38734505,0.33035195
FPT,2025-03-26,-0.0280957483088,DOWN,BULL,3,2025-03-10,DOWN,SELL,0.47496173,0.14942643,0.37561187
HPG,2025-03-26,0.0127703110712,UP,BULL,3,2025-03-10,DOWN,SELL,0.4154383,0.3245964,0.2599653
PNJ,2025-03-26,-0.0137689730443,DOWN,BULL,3,2025-03-10,DOWN,SELL,0.36367086,0.3340189,0.30231026
SHS,2025-03-26,-0.0271799305318,DOWN,BULL,3,2025-03-10,DOWN,SELL,0.5378544,0.18374419,0.27840137
VCB,2025-03-26,-0.00615575966623,DOWN,BULL,3,2025-03-10,NO_TRADE,NO_TRADE,0.2424152,0.52236646,0.23521832
FPT,2025-03-27,0.0257451290139,UP,BULL,3,2025-03-10,UP,BUY,0.39167792,0.15938804,0.44893402
HPG,2025-03-27,-0.00146520172733,NO_TRADE,BULL,3,2025-03-10,DOWN,SELL,0.42268938,0.30242875,0.27488184
PNJ,2025-03-27,-0.0199270573622,DOWN,BULL,3,2025-03-10,UP,BUY,0.2978184,0.30735338,0.39482817
SHS,2025-03-27,0.00726688704538,UP,BULL,3,2025-03-10,DOWN,SELL,0.5287509,0.16004671,0.31120232
VCB,2025-03-27,-0.0044867407209,NO_TRADE,BULL,3,2025-03-10,NO_TRADE,NO_TRADE,0.24833545,0.48859298,0.2630716
FPT,2025-03-28,-0.01766427696,DOWN,BULL,3,2025-03-10,DOWN,SELL,0.5125913,0.15324336,0.33416536
HPG,2025-03-28,-0.0127891561163,DOWN,BULL,3,2025-03-10,NO_TRADE,NO_TRADE,0.382235,0.38367274,0.23409225
PNJ,2025-03-28,-0.0346834247706,DOWN,BULL,3,2025-03-10,UP,BUY,0.33578348,0.2220088,0.44220772
SHS,2025-03-28,0.0,NO_TRADE,BULL,3,2025-03-10,DOWN,SELL,0.5032892,0.16269985,0.33401093
VCB,2025-03-28,-0.0107569826715,DOWN,BULL,3,2025-03-10,NO_TRADE,NO_TRADE,0.20809025,0.5422711,0.24963869
FPT,2025-03-31,-0.0244411351591,DOWN,BULL,3,2025-03-10,DOWN,SELL,0.45689186,0.112383276,0.4307249
HPG,2025-03-31,-0.0149628726767,DOWN,BULL,3,2025-03-10,DOWN,SELL,0.43120992,0.33482128,0.23396875
PNJ,2025-03-31,0.0156456907257,UP,BULL,3,2025-03-10,UP,BUY,0.26413655,0.19147442,0.544389
SHS,2025-03-31,-0.0203176432409,DOWN,BULL,3,2025-03-10,DOWN,SELL,0.5494401,0.16037816,0.29018182
VCB,2025-03-31,-0.0124597463968,DOWN,BULL,3,2025-03-10,UP,BUY,0.2772197,0.35147095,0.3713093
FPT,2025-04-01,-0.00413223728491,NO_TRADE,BULL,3,2025-03-10,UP,BUY,0.42809412,0.13054603,0.44135985
HPG,2025-04-01,0.0095024470964,UP,BULL,3,2025-03-10,DOWN,SELL,0.41565913,0.2896654,0.29467547
PNJ,2025-04-01,0.00129282500231,NO_TRADE,BULL,3,2025-03-10,UP,BUY,0.35488525,0.19082056,0.45429417
SHS,2025-04-01,0.0339015516757,UP,BULL,3,2025-03-10,DOWN,SELL,0.43772727,0.23902568,0.32324708
VCB,2025-04-01,0.00774646194468,UP,BULL,3,2025-03-10,UP,BUY,0.22790207,0.36984542,0.4022525
FPT,2025-04-02,0.0123458358223,UP,BULL,3,2025-03-10,DOWN,SELL,0.4458947,0.14980124,0.4043041
HPG,2025-04-02,0.00891978163707,UP,BULL,3,2025-03-10,DOWN,SELL,0.3644332,0.32596081,0.30960593
PNJ,2025-04-02,-0.0109493531502,DOWN,BULL,3,2025-03-10,UP,BUY,0.3437654,0.15750866,0.49872592
SHS,2025-04-02,0.0,NO_TRADE,BULL,3,2025-03-10,DOWN,SELL,0.4603281,0.19081855,0.34885332
VCB,2025-04-02,0.0047132844521,NO_TRADE,BULL,3,2025-03-10,UP,BUY,0.2152498,0.36241478,0.4223354
FPT,2025-04-03,-0.0721697332484,DOWN,BULL,3,2025-03-10,DOWN,SELL,0.4682475,0.15824929,0.37350318
HPG,2025-04-03,-0.0720986832586,DOWN,BULL,3,2025-03-10,DOWN,SELL,0.4197269,0.36936766,0.2109054
PNJ,2025-04-03,-0.0715419016338,DOWN,BULL,3,2025-03-10,DOWN,SELL,0.40325758,0.20892215,0.38782024
SHS,2025-04-03,-0.0992066500834,DOWN,BULL,3,2025-03-10,DOWN,SELL,0.5226141,0.19210432,0.28528154
VCB,2025-04-03,-0.0719641420682,DOWN,BULL,3,2025-03-10,NO_TRADE,NO_TRADE,0.28374007,0.43621182,0.28004804
FPT,2025-04-04,-0.00451089146752,NO_TRADE,BEAR,3,2025-03-10,UP,BUY,0.16806625,0.14081782,0.691116
HPG,2025-04-04,-0.0301422173579,DOWN,BEAR,3,2025-03-10,UP,BUY,0.20430149,0.12306385,0.6726346
PNJ,2025-04-04,-0.0575475808506,DOWN,BEAR,3,2025-03-10,UP,BUY,0.15097302,0.14205116,0.7069759
SHS,2025-04-04,-0.0141220352236,DOWN,BEAR,3,2025-03-10,UP,BUY,0.23573284,0.16391484,0.60035235
VCB,2025-04-04,-0.00506586696344,DOWN,BEAR,3,2025-03-10,UP,BUY,0.20888583,0.18800564,0.6031086
FPT,2025-04-08,-0.072370604999,DOWN,BEAR,3,2025-03-10,UP,BUY,0.15588266,0.1485262,0.69559115
HPG,2025-04-08,-0.0713375384462,DOWN,BEAR,3,2025-03-10,UP,BUY,0.17372938,0.115753286,0.71051735
PNJ,2025-04-08,-0.0714982822042,DOWN,BEAR,3,2025-03-10,UP,BUY,0.1432748,0.16007334,0.6966519
SHS,2025-04-08,-0.102894423163,DOWN,BEAR,3,2025-03-10,UP,BUY,0.22968268,0.16588739,0.6044299
VCB,2025-04-08,-0.072481500652,DOWN,BEAR,3,2025-03-10,UP,BUY,0.20087543,0.18107893,0.6180456
FPT,2025-04-09,0.00180688925501,NO_TRADE,BEAR,3,2025-03-10,UP,BUY,0.14640048,0.18841533,0.6651842
HPG,2025-04-09,-0.0723940210779,DOWN,BEAR,3,2025-03-10,UP,BUY,0.15018208,0.10864226,0.74117565
PNJ,2025-04-09,-0.0720926374081,DOWN,BEAR,3,2025-03-10,UP,BUY,0.13764532,0.17609304,0.68626165
SHS,2025-04-09,-0.0259495598532,DOWN,BEAR,3,2025-03-10,UP,BUY,0.1165693,0.12048918,0.76294154
VCB,2025-04-09,-0.0609773414592,DOWN,BEAR,3,2025-03-10,UP,BUY,0.16990957,0.093064345,0.73702604
FPT,2025-04-10,0.0670880157891,UP,BEAR,3,2025-03-10,UP,BUY,0.21631193,0.15680578,0.6268823
HPG,2025-04-10,0.0653268538548,UP,BEAR,3,2025-03-10,UP,BUY,0.1338208,0.13957301,0.7266062
PNJ,2025-04-10,0.0661456848402,UP,BEAR,3,2025-03-10,UP,BUY,0.1257836,0.1947723,0.6794441
SHS,2025-04-10,0.0898721277837,UP,BEAR,3,2025-03-10,UP,BUY,0.09474461,0.13822131,0.76703405
VCB,2025-04-10,0.0662419447051,UP,BEAR,3,2025-03-10,UP,BUY,0.15114534,0.09075926,0.7580954
FPT,2025-04-11,0.0510083835785,UP,BEAR,3,2025-03-10,UP,BUY,0.1786046,0.17203534,0.64936
HPG,2025-04-11,0.066310000786,UP,BEAR,3,2025-03-10,UP,BUY,0.15254165,0.13443859,0.7130198
PNJ,2025-04-11,0.0663434982059,UP,BEAR,3,2025-03-10,UP,BUY,0.118542016,0.23906462,0.6423934
SHS,2025-04-11,0.0678831987265,UP,BEAR,3,2025-03-10,UP,BUY,0.1373279,0.128469,0.7342031
VCB,2025-04-11,0.0639951905075,UP,BEAR,3,2025-03-10,UP,BUY,0.14131145,0.11408839,0.7446002
FPT,2025-04-14,0.0,NO_TRADE,BEAR,3,2025-03-10,UP,BUY,0.3488619,0.19349025,0.4576478
HPG,2025-04-14,0.0422369222413,UP,BEAR,3,2025-03-10,UP,BUY,0.28989643,0.14766024,0.5624433
PNJ,2025-04-14,0.0275266162336,UP,BEAR,3,2025-03-10,UP,BUY,0.15519264,0.2442596,0.60054773
SHS,2025-04-14,0.0289381894924,UP,BEAR,3,2025-03-10,UP,BUY,0.3103826,0.17923348,0.5103839
VCB,2025-04-14,-0.00852810899465,DOWN,BEAR,3,2025-03-10,UP,BUY,0.28683674,0.14798042,0.5651828
FPT,2025-04-15,-0.0212795545932,DOWN,SIDEWAYS,3,2025-03-10,UP,BUY,0.367297,0.24544924,0.3872538
HPG,2025-04-15,0.0194282823954,UP,SIDEWAYS,3,2025-03-10,UP,BUY,0.30975565,0.2630111,0.4272333
PNJ,2025-04-15,-0.0303214154299,DOWN,SIDEWAYS,3,2025-03-10,UP,BUY,0.20095964,0.26007804,0.5389623
SHS,2025-04-15,-0.014364421047,DOWN,SIDEWAYS,3,2025-03-10,UP,BUY,0.33010486,0.2566313,0.41326377
VCB,2025-04-15,0.0117498158932,UP,SIDEWAYS,3,2025-03-10,UP,BUY,0.28636083,0.13972975,0.5739094
FPT,2025-04-16,-0.072407719855,DOWN,BEAR,3,2025-03-10,UP,BUY,0.2697874,0.16650975,0.5637028
HPG,2025-04-16,-0.0136127756538,DOWN,BEAR,3,2025-03-10,UP,BUY,0.37187102,0.16460396,0.4635251
PNJ,2025-04-16,-0.0415398696408,DOWN,BEAR,3,2025-03-10,UP,BUY,0.17032617,0.19230907,0.6373648
SHS,2025-04-16,0.00763038886569,UP,BEAR,3,2025-03-10,UP,BUY,0.33207673,0.20184536,0.4660779
VCB,2025-04-16,-0.0117498158932,DOWN,BEAR,3,2025-03-10,UP,BUY,0.2526115,0.12845787,0.61893064
FPT,2025-04-17,0.0137782387438,UP,BEAR,3,2025-03-10,UP,BUY,0.15941115,0.24408689,0.59650195
HPG,2025-04-17,0.0,NO_TRADE,BEAR,3,2025-03-10,UP,BUY,0.32984453,0.18436706,0.4857884
PNJ,2025-04-17,0.0173530494604,UP,BEAR,3,2025-03-10,UP,BUY,0.18292029,0.17167099,0.6454087
SHS,2025-04-17,0.00673403218134,UP,BEAR,3,2025-03-10,UP,BUY,0.31617147,0.21428409,0.46954447
VCB,2025-04-17,-0.0204194670402,DOWN,BEAR,3,2025-03-10,UP,BUY,0.3181301,0.10337154,0.5784983
FPT,2025-04-18,0.0199985161852,UP,BEAR,3,2025-03-10,UP,BUY,0.2499819,0.2796601,0.47035792
HPG,2025-04-18,-0.00211081872569,NO_TRADE,BEAR,3,2025-03-10,UP,BUY,0.3307117,0.23664807,0.43264025
PNJ,2025-04-18,0.038083355943,UP,BEAR,3,2025-03-10,UP,BUY,0.22003119,0.25760794,0.52236086
SHS,2025-04-18,0.0418952438854,UP,BEAR,3,2025-03-10,UP,BUY,0.3002052,0.24856101,0.4512338
VCB,2025-04-18,0.0,NO_TRADE,BEAR,3,2025-03-10,UP,BUY,0.26373076,0.14209445,0.59417474
FPT,2025-04-21,0.000851244997135,NO_TRADE,BEAR,3,2025-03-10,UP,BUY,0.23343894,0.16246827,0.60409284
HPG,2025-04-21,-0.0197392378632,DOWN,BEAR,3,2025-03-10,UP,BUY,0.28596774,0.17102438,0.5430079
PNJ,2025-04-21,-0.0422827211594,DOWN,BEAR,3,2025-03-10,UP,BUY,0.17725547,0.22597209,0.59677243
SHS,2025-04-21,-0.0137709750146,DOWN,BEAR,3,2025-03-10,UP,BUY,0.29657692,0.23490961,0.46851346
VCB,2025-04-21,0.00174672533494,NO_TRADE,BEAR,3,2025-03-10,UP,BUY,0.16952206,0.14120547,0.68927246
FPT,2025-04-22,-0.0116610040267,DOWN,BEAR,3,2025-03-10,UP,BUY,0.17185329,0.13865648,0.68949026
HPG,2025-04-22,0.00430108189939,NO_TRADE,BEAR,3,2025-03-10,UP,BUY,0.18466787,0.17023599,0.6450961
PNJ,2025-04-22,-0.0351625136127,DOWN,BEAR,3,2025-03-10,UP,BUY,0.11571265,0.17728661,0.70700073
SHS,2025-04-22,-0.0206022944162,DOWN,BEAR,3,2025-03-10,UP,BUY,0.22639558,0.2088863,0.5647181
VCB,2025-04-22,0.00522194398115,UP,BEAR,3,2025-03-10,UP,BUY,0.1437977,0.12961835,0.72658396
FPT,2025-04-23,0.0,NO_TRADE,BEAR,3,2025-03-10,UP,BUY,0.12681504,0.116524994,0.75666
HPG,2025-04-23,0.0196553472429,UP,BEAR,3,2025-03-10,UP,BUY,0.1485291,0.16561224,0.6858586
PNJ,2025-04-23,0.0249219966951,UP,BEAR,3,2025-03-10,UP,BUY,0.0908459,0.16322194,0.7459321
SHS,2025-04-23,0.00663902853481,UP,BEAR,3,2025-03-10,UP,BUY,0.19129114,0.19695006,0.6117588
VCB,2025-04-23,-0.00871845103988,DOWN,BEAR,3,2025-03-10,UP,BUY,0.13133289,0.1142985,0.75436866
FPT,2025-04-24,0.0143164838388,UP,BEAR,3,2025-03-10,UP,BUY,0.20938367,0.2195778,0.5710385
HPG,2025-04-24,0.00157687286288,NO_TRADE,BEAR,3,2025-03-10,UP,BUY,0.17986423,0.27154237,0.54859346
PNJ,2025-04-24,0.0314969324555,UP,BEAR,3,2025-03-10,UP,BUY,0.17820054,0.21839099,0.60340846
SHS,2025-04-24,0.0172205977517,UP,BEAR,3,2025-03-10,UP,BUY,0.17374119,0.20589839,0.62036043
VCB,2025-04-24,0.00349650705873,NO_TRADE,BEAR,3,2025-03-10,UP,BUY,0.1972499,0.16598332,0.6367668
FPT,2025-04-25,0.00360017330829,NO_TRADE,BEAR,3,2025-03-10,UP,BUY,0.18961051,0.2705,0.5398895
HPG,2025-04-25,0.00419287826004,NO_TRADE,BEAR,3,2025-03-10,UP,BUY,0.1623494,0.2629472,0.5747034
PNJ,2025-04-25,-0.0126556347653,DOWN,BEAR,3,2025-03-10,UP,BUY,0.17769593,0.20891957,0.6133845
SHS,2025-04-25,0.0,NO_TRADE,BEAR,3,2025-03-10,UP,BUY,0.22588712,0.17470956,0.5994033
VCB,2025-04-25,-0.0121149756721,DOWN,BEAR,3,2025-03-10,UP,BUY,0.16063404,0.18907294,0.65029305
FPT,2025-04-28,-0.0261284807108,DOWN,BEAR,3,2025-03-10,UP,BUY,0.18728459,0.33287752,0.47983792
HPG,2025-04-28,-0.00209424160311,NO_TRADE,BEAR,3,2025-03-10,UP,BUY,0.19955447,0.2867165,0.51372904
PNJ,2025-04-28,0.00983292091624,UP,BEAR,3,2025-03-10,UP,BUY,0.18732244,0.2798968,0.53278077
SHS,2025-04-28,0.0,NO_TRADE,BEAR,3,2025-03-10,UP,BUY,0.15364411,0.22437447,0.6219814
VCB,2025-04-28,0.0,NO_TRADE,BEAR,3,2025-03-10,UP,BUY,0.21934724,0.23201065,0.5486421
FPT,2025-04-29,-0.000976933591946,NO_TRADE,BEAR,3,2025-03-10,UP,BUY,0.21163099,0.36521995,0.42314908
HPG,2025-04-29,-0.00578188207322,DOWN,BEAR,3,2025-03-10,UP,BUY,0.22296673,0.31677458,0.46025875
PNJ,2025-04-29,0.00433934289068,NO_TRADE,BEAR,3,2025-03-10,UP,BUY,0.19510676,0.35954055,0.44535264
SHS,2025-04-29,0.0,NO_TRADE,BEAR,3,2025-03-10,UP,BUY,0.17752472,0.26985794,0.5526173
VCB,2025-04-29,-0.00336194247472,NO_TRADE,BEAR,3,2025-03-10,UP,BUY,0.21147843,0.27438548,0.5141361
FPT,2025-05-05,-0.0073028827479,DOWN,BEAR,3,2025-03-10,UP,BUY,0.2119242,0.33697185,0.45110396
HPG,2025-05-05,0.00787612367633,UP,BEAR,3,2025-03-10,UP,BUY,0.23384917,0.25187695,0.5142739
PNJ,2025-05-05,-0.00433934289068,NO_TRADE,BEAR,3,2025-03-10,UP,BUY,0.21335927,0.34040797,0.4462328
SHS,2025-05-05,0.0,NO_TRADE,BEAR,3,2025-03-10,UP,BUY,0.22041264,0.29705378,0.48253357
VCB,2025-05-05,-0.00355114009546,NO_TRADE,BEAR,3,2025-03-10,UP,BUY,0.22099692,0.19606183,0.58294123
FPT,2025-05-06,0.0101225354131,UP,BEAR,3,2025-03-10,UP,BUY,0.18694216,0.30632398,0.50673383
HPG,2025-05-06,-0.00998694240202,DOWN,BEAR,3,2025-03-10,UP,BUY,0.15942289,0.22806354,0.61251354
PNJ,2025-05-06,0.0388108410862,UP,BEAR,3,2025-03-10,UP,BUY,0.14828594,0.34988624,0.50182784
SHS,2025-05-06,0.00809721023262,UP,BEAR,3,2025-03-10,UP,BUY,0.20533623,0.20005217,0.5946116
VCB,2025-05-06,-0.00178031024413,NO_TRADE,BEAR,3,2025-03-10,UP,BUY,0.17580909,0.19227819,0.6319127
FPT,2025-05-07,0.0,NO_TRADE,BEAR,3,2025-03-10,UP,BUY,0.2317334,0.32519907,0.44306758
HPG,2025-05-07,-0.00158604315563,NO_TRADE,BEAR,3,2025-03-10,UP,BUY,0.23568052,0.26505542,0.499264
PNJ,2025-05-07,-0.0109359659822,DOWN,BEAR,3,2025-03-10,NO_TRADE,NO_TRADE,0.28272763,0.41100234,0.30627003
SHS,2025-05-07,-0.00809721023262,DOWN,BEAR,3,2025-03-10,UP,BUY,0.2957601,0.31394047,0.39029944
VCB,2025-05-07,0.0,NO_TRADE,BEAR,3,2025-03-10,UP,BUY,0.21707709,0.24568804,0.53723484
FPT,2025-05-08,0.0410558852943,UP,BEAR,3,2025-03-10,UP,BUY,0.26604068,0.285948,0.44801128
HPG,2025-05-08,0.0115729855577,UP,BEAR,3,2025-03-10,UP,BUY,0.16654997,0.24140722,0.5920428
PNJ,2025-05-08,0.0163594252501,UP,BEAR,3,2025-03-10,UP,BUY,0.30542737,0.30242726,0.3921454
SHS,2025-05-08,0.0161293819299,UP,BEAR,3,2025-03-10,UP,BUY,0.22510363,0.21418577,0.56071055
VCB,2025-05-08,0.00178031024413,NO_TRADE,BEAR,3,2025-03-10,UP,BUY,0.18791164,0.16537039,0.6467179
FPT,2025-05-09,0.0147539431516,UP,SIDEWAYS,3,2025-03-10,DOWN,SELL,0.3858595,0.2292766,0.3848639
HPG,2025-05-09,-0.00209424160311,NO_TRADE,SIDEWAYS,3,2025-03-10,UP,BUY,0.2600403,0.20857812,0.53138155
PNJ,2025-05-09,0.0319372076935,UP,SIDEWAYS,3,2025-03-10,DOWN,SELL,0.35607845,0.29210526,0.3518163
SHS,2025-05-09,-0.0161293819299,DOWN,SIDEWAYS,3,2025-03-10,UP,BUY,0.3196233,0.27297166,0.40740502
VCB,2025-05-09,-0.00875396389694,DOWN,SIDEWAYS,3,2025-03-10,UP,BUY,0.23001885,0.22611275,0.54386836
FPT,2025-05-12,0.0196740956893,UP,BULL,3,2025-03-10,DOWN,SELL,0.42888972,0.30067712,0.2704332
HPG,2025-05-12,-0.00947874395454,DOWN,BULL,3,2025-03-10,NO_TRADE,NO_TRADE,0.2217291,0.41394693,0.36432403
PNJ,2025-05-12,0.028405922214,UP,BULL,3,2025-03-10,DOWN,SELL,0.46332353,0.26213527,0.27454126
SHS,2025-05-12,0.00809721023262,UP,BULL,3,2025-03-10,UP,BUY,0.28295398,0.31084514,0.4062009
VCB,2025-05-12,0.0,NO_TRADE,BULL,3,2025-03-10,UP,BUY,0.3272671,0.28011784,0.3926151
FPT,2025-05-13,0.0100915079322,UP,BULL,3,2025-03-10,DOWN,SELL,0.4282949,0.2686128,0.3030923
HPG,2025-05-13,0.015227387954,UP,BULL,3,2025-03-10,UP,BUY,0.33200863,0.2639979,0.4039935
PNJ,2025-05-13,0.0448093341528,UP,BULL,3,2025-03-10,DOWN,SELL,0.42703477,0.2851481,0.28781706
SHS,2025-05-13,0.00803217169726,UP,BULL,3,2025-03-10,UP,BUY,0.3433845,0.28228205,0.37433344
VCB,2025-05-13,0.00340349634411,NO_TRADE,BULL,3,2025-03-10,NO_TRADE,NO_TRADE,0.31384787,0.34889665,0.3372555
FPT,2025-05-14,0.0553065051543,UP,BULL,3,2025-03-10,DOWN,SELL,0.5372159,0.22656688,0.23621723
HPG,2025-05-14,0.0134577600448,UP,BULL,3,2025-03-10,DOWN,SELL,0.41700298,0.31017718,0.27281982
PNJ,2025-05-14,0.0452168175049,UP,BULL,3,2025-03-10,DOWN,SELL,0.4605458,0.27134815,0.26810604
SHS,2025-05-14,0.0237165266173,UP,BULL,3,2025-03-10,DOWN,SELL,0.45213115,0.29897586,0.24889298
VCB,2025-05-14,0.0328936524041,UP,BULL,3,2025-03-10,DOWN,SELL,0.41625905,0.31564483,0.26809612
FPT,2025-05-15,-0.0103059579979,DOWN,BULL,3,2025-03-10,DOWN,SELL,0.4379806,0.3527056,0.20931382
HPG,2025-05-15,0.0,NO_TRADE,BULL,3,2025-03-10,DOWN,SELL,0.46518227,0.30021492,0.23460282
PNJ,2025-05-15,-0.0187900740551,DOWN,BULL,3,2025-03-10,DOWN,SELL,0.44626603,0.31815454,0.23557943
SHS,2025-05-15,0.0231670592815,UP,BULL,3,2025-03-10,DOWN,SELL,0.5575061,0.19453353,0.24796039
VCB,2025-05-15,0.0,NO_TRADE,BULL,3,2025-03-10,DOWN,SELL,0.43210775,0.30804294,0.25984925
FPT,2025-05-16,-0.0325522536298,DOWN,BULL,3,2025-03-10,DOWN,SELL,0.47203344,0.3076186,0.22034799
HPG,2025-05-16,-0.0134577600448,DOWN,BULL,3,2025-03-10,DOWN,SELL,0.5507638,0.3029172,0.14631902
PNJ,2025-05-16,-0.0411412138038,DOWN,BULL,3,2025-03-10,DOWN,SELL,0.52980465,0.2690879,0.2011074
SHS,2025-05-16,-0.0231670592815,DOWN,BULL,3,2025-03-10,DOWN,SELL,0.6177436,0.17319055,0.20906584
VCB,2025-05-16,-0.0206301022811,DOWN,BULL,3,2025-03-10,DOWN,SELL,0.46683776,0.31654584,0.2166164
FPT,2025-05-19,-0.0234440060715,DOWN,BULL,3,2025-03-10,DOWN,SELL,0.43834049,0.2865989,0.27506068
HPG,2025-05-19,-0.00574864399947,DOWN,BULL,3,2025-03-10,NO_TRADE,NO_TRADE,0.3645647,0.40249673,0.23293862
PNJ,2025-05-19,0.00738429938757,UP,BULL,3,2025-03-10,DOWN,SELL,0.4600322,0.30675396,0.23321383
SHS,2025-05-19,-0.00784317746103,DOWN,BULL,3,2025-03-10,DOWN,SELL,0.5796314,0.2047025,0.21566613
VCB,2025-05-19,-0.00869339281431,DOWN,BULL,3,2025-03-10,DOWN,SELL,0.41810992,0.28003785,0.30185226
FPT,2025-05-20,0.00840761633625,UP,BULL,3,2025-03-10,DOWN,SELL,0.6130499,0.22831519,0.1586349
HPG,2025-05-20,0.0,NO_TRADE,BULL,3,2025-03-10,DOWN,SELL,0.4993754,0.32879892,0.17182569
PNJ,2025-05-20,0.00845313571106,UP,BULL,3,2025-03-10,DOWN,SELL,0.5452585,0.25016665,0.20457485
SHS,2025-05-20,0.0156253179031,UP,BULL,3,2025-03-10,DOWN,SELL,0.7018805,0.13403873,0.1640807
VCB,2025-05-20,0.00178031024413,NO_TRADE,BULL,3,2025-03-10,DOWN,SELL,0.58692724,0.2336645,0.17940831
FPT,2025-05-21,-0.00750341172348,DOWN,BULL,3,2025-03-10,DOWN,SELL,0.4882748,0.25647682,0.25524843
HPG,2025-05-21,0.00418410652257,NO_TRADE,BULL,3,2025-03-10,NO_TRADE,NO_TRADE,0.3779699,0.38871896,0.23331116
PNJ,2025-05-21,-0.0196455128155,DOWN,BULL,3,2025-03-10,DOWN,SELL,0.44619414,0.26989824,0.2839076
SHS,2025-05-21,0.0,NO_TRADE,BULL,3,2025-03-10,DOWN,SELL,0.5195331,0.15971291,0.32075402
VCB,2025-05-21,0.0,NO_TRADE,BULL,3,2025-03-10,DOWN,SELL,0.49983162,0.24478154,0.25538683
FPT,2025-05-22,-0.0128355898352,DOWN,BULL,3,2025-03-10,DOWN,SELL,0.4419895,0.305041,0.2529695
HPG,2025-05-22,-0.00418410652257,NO_TRADE,BULL,3,2025-03-10,NO_TRADE,NO_TRADE,0.3497277,0.40390828,0.24636403
PNJ,2025-05-22,-0.0225725798767,DOWN,BULL,3,2025-03-10,DOWN,SELL,0.4257455,0.24196057,0.3322939
SHS,2025-05-22,0.00772204609391,UP,BULL,3,2025-03-10,DOWN,SELL,0.5435069,0.21497144,0.24152158
VCB,2025-05-22,-0.00356379564642,NO_TRADE,BULL,3,2025-03-10,DOWN,SELL,0.4165791,0.31788018,0.26554075
FPT,2025-05-23,0.00264120429851,NO_TRADE,BULL,4,2025-05-22,DOWN,SELL,0.4900094,0.22874448,0.2812462
HPG,2025-05-23,-0.00209863665692,NO_TRADE,BULL,4,2025-05-22,NO_TRADE,NO_TRADE,0.3700114,0.43262124,0.19736737
PNJ,2025-05-23,0.00136492172892,NO_TRADE,BULL,4,2025-05-22,DOWN,SELL,0.5516847,0.15915392,0.28916144
SHS,2025-05-23,0.00766287274557,UP,BULL,4,2025-05-22,DOWN,SELL,0.49122018,0.18050109,0.32827872
VCB,2025-05-23,-0.00178667190641,NO_TRADE,BULL,4,2025-05-22,NO_TRADE,NO_TRADE,0.37837675,0.44873783,0.17288545
FPT,2025-05-26,0.00162189594601,NO_TRADE,BULL,4,2025-05-22,DOWN,SELL,0.40038818,0.33584395,0.26376784
HPG,2025-05-26,-0.00157687286288,NO_TRADE,BULL,4,2025-05-22,NO_TRADE,NO_TRADE,0.25928113,0.5732015,0.16751732
PNJ,2025-05-26,0.0187246084526,UP,BULL,4,2025-05-22,DOWN,SELL,0.47106254,0.22622596,0.3027115
SHS,2025-05-26,0.0151518050206,UP,BULL,4,2025-05-22,DOWN,SELL,0.40182516,0.32139146,0.27678344
VCB,2025-05-26,0.00357015730871,NO_TRADE,BULL,4,2025-05-22,NO_TRADE,NO_TRADE,0.305463,0.55834347,0.13619354
FPT,2025-05-27,0.0143800557284,UP,BULL,4,2025-05-22,UP,BUY,0.32486513,0.3340254,0.34110948
HPG,2025-05-27,0.0,NO_TRADE,BULL,4,2025-05-22,NO_TRADE,NO_TRADE,0.1894145,0.630027,0.1805585
PNJ,2025-05-27,-0.00248923058164,NO_TRADE,BULL,4,2025-05-22,DOWN,SELL,0.42254668,0.19674498,0.38070837
SHS,2025-05-27,0.00749067172916,UP,BULL,4,2025-05-22,UP,BUY,0.31717235,0.3206173,0.36221033
VCB,2025-05-27,-0.00357015730871,NO_TRADE,BULL,4,2025-05-22,NO_TRADE,NO_TRADE,0.25143963,0.57370347,0.17485687
FPT,2025-05-28,-0.00500451449853,DOWN,BULL,4,2025-05-22,DOWN,SELL,0.39644098,0.3604691,0.24308993
HPG,2025-05-28,0.00157687286288,NO_TRADE,BULL,4,2025-05-22,NO_TRADE,NO_TRADE,0.22709268,0.58693314,0.18597415
PNJ,2025-05-28,-0.0125399540409,DOWN,BULL,4,2025-05-22,DOWN,SELL,0.47634614,0.2236237,0.3000301
SHS,2025-05-28,0.0,NO_TRADE,BULL,4,2025-05-22,DOWN,SELL,0.36663324,0.3268063,0.30656052
VCB,2025-05-28,0.0,NO_TRADE,BULL,4,2025-05-22,NO_TRADE,NO_TRADE,0.29590267,0.55875295,0.14534439
FPT,2025-05-29,-0.0109974371759,DOWN,BULL,4,2025-05-22,DOWN,SELL,0.39748284,0.31546104,0.28705612
HPG,2025-05-29,-0.00157687286288,NO_TRADE,BULL,4,2025-05-22,NO_TRADE,NO_TRADE,0.22638062,0.6342919,0.13932745
PNJ,2025-05-29,0.0577083176206,UP,BULL,4,2025-05-22,DOWN,SELL,0.4642696,0.22393943,0.31179097
SHS,2025-05-29,-0.00749067172916,DOWN,BULL,4,2025-05-22,DOWN,SELL,0.4139332,0.26205486,0.3240119
VCB,2025-05-29,-0.00178986981738,NO_TRADE,BULL,4,2025-05-22,NO_TRADE,NO_TRADE,0.32270736,0.5109492,0.16634345
FPT,2025-05-30,-0.00518741945426,DOWN,BULL,4,2025-05-22,DOWN,SELL,0.39551413,0.31822282,0.286263
HPG,2025-05-30,0.00785961604238,UP,BULL,4,2025-05-22,NO_TRADE,NO_TRADE,0.26042974,0.60606444,0.1335058
PNJ,2025-05-30,-0.0181217976914,DOWN,BULL,4,2025-05-22,DOWN,SELL,0.50742006,0.14154232,0.35103756
SHS,2025-05-30,-0.0151518050206,DOWN,BULL,4,2025-05-22,DOWN,SELL,0.40661788,0.32762942,0.2657527
VCB,2025-05-30,-0.00520881285466,DOWN,BULL,4,2025-05-22,NO_TRADE,NO_TRADE,0.3279237,0.514131,0.15794535
FPT,2025-06-02,-0.00347328983355,NO_TRADE,BULL,4,2025-05-22,DOWN,SELL,0.37218875,0.28685725,0.340954
HPG,2025-06-02,-0.00785961604238,DOWN,BULL,4,2025-05-22,NO_TRADE,NO_TRADE,0.27639014,0.52044,0.20316985
PNJ,2025-06-02,-0.0534661289223,DOWN,BULL,4,2025-05-22,DOWN,SELL,0.5480396,0.16084309,0.2911173
SHS,2025-06-02,0.0226424767498,UP,BULL,4,2025-05-22,DOWN,SELL,0.41052648,0.294557,0.29491645
VCB,2025-06-02,-0.0036081583435,NO_TRADE,BULL,4,2025-05-22,NO_TRADE,NO_TRADE,0.30265775,0.5367881,0.16055414
FPT,2025-06-03,0.0111937670281,UP,BULL,4,2025-05-22,DOWN,SELL,0.48070213,0.2979556,0.22134219
HPG,2025-06-03,0.0172103335248,UP,BULL,4,2025-05-22,NO_TRADE,NO_TRADE,0.3455618,0.5346164,0.11982177
PNJ,2025-06-03,-0.00513125262439,DOWN,BULL,4,2025-05-22,DOWN,SELL,0.6092977,0.14747126,0.24323104
SHS,2025-06-03,0.0294138852063,UP,BULL,4,2025-05-22,DOWN,SELL,0.53766614,0.23650928,0.22582456
VCB,2025-06-03,0.0106068410155,UP,BULL,4,2025-05-22,NO_TRADE,NO_TRADE,0.33733413,0.52762264,0.1350432
FPT,2025-06-04,-0.00253305774026,NO_TRADE,BULL,4,2025-05-22,NO_TRADE,NO_TRADE,0.33937913,0.38059512,0.28002572
HPG,2025-06-04,-0.00207039411431,NO_TRADE,BULL,4,2025-05-22,NO_TRADE,NO_TRADE,0.31717563,0.47068593,0.21213847
PNJ,2025-06-04,0.0139505160585,UP,BULL,4,2025-05-22,DOWN,SELL,0.5301496,0.1861677,0.28368267
SHS,2025-06-04,0.0,NO_TRADE,BULL,4,2025-05-22,DOWN,SELL,0.50497144,0.15779151,0.33723706
VCB,2025-06-04,-0.00340349634411,NO_TRADE,BULL,4,2025-05-22,NO_TRADE,NO_TRADE,0.30036247,0.5115171,0.18812042
FPT,2025-06-05,-0.00264120429851,NO_TRADE,BULL,4,2025-05-22,DOWN,SELL,0.3953459,0.38744298,0.21721113
HPG,2025-06-05,-0.00728032336813,DOWN,BULL,4,2025-05-22,NO_TRADE,NO_TRADE,0.35051587,0.49777257,0.15171157
PNJ,2025-06-05,-0.0127640417251,DOWN,BULL,4,2025-05-22,DOWN,SELL,0.57401913,0.1723833,0.2535976
SHS,2025-06-05,-0.0219789067188,DOWN,BULL,4,2025-05-22,DOWN,SELL,0.5552893,0.16539158,0.27931914
VCB,2025-06-05,-0.00539763814973,DOWN,BULL,4,2025-05-22,NO_TRADE,NO_TRADE,0.35679448,0.48394835,0.15925719
FPT,2025-06-06,-0.0154787570963,DOWN,BULL,4,2025-05-22,NO_TRADE,NO_TRADE,0.3435871,0.45720017,0.19921272
HPG,2025-06-06,0.0114168339199,UP,BULL,4,2025-05-22,NO_TRADE,NO_TRADE,0.39273208,0.45328155,0.15398638
PNJ,2025-06-06,-0.0286678948696,DOWN,BULL,4,2025-05-22,DOWN,SELL,0.5831132,0.1975297,0.21935712
SHS,2025-06-06,0.0,NO_TRADE,BULL,4,2025-05-22,DOWN,SELL,0.50650907,0.20152281,0.29196814
VCB,2025-06-06,-0.00361467951862,NO_TRADE,BULL,4,2025-05-22,NO_TRADE,NO_TRADE,0.38944292,0.4654546,0.14510243
FPT,2025-06-09,0.0103798270199,UP,SIDEWAYS,4,2025-05-22,DOWN,SELL,0.4349134,0.27760115,0.28748545
HPG,2025-06-09,0.00975617494536,UP,SIDEWAYS,4,2025-05-22,DOWN,SELL,0.4257605,0.35520807,0.21903147
PNJ,2025-06-09,-0.0145449660355,DOWN,SIDEWAYS,4,2025-05-22,DOWN,SELL,0.5450927,0.15437222,0.3005351
SHS,2025-06-09,-0.0149256502167,DOWN,SIDEWAYS,4,2025-05-22,DOWN,SELL,0.4868852,0.14697987,0.36613497
VCB,2025-06-09,-0.00344609028801,NO_TRADE,SIDEWAYS,4,2025-05-22,DOWN,SELL,0.3925323,0.36892036,0.23854738
FPT,2025-06-10,-0.00430328532929,NO_TRADE,SIDEWAYS,4,2025-05-22,NO_TRADE,NO_TRADE,0.30250674,0.35183737,0.34565583
HPG,2025-06-10,-0.00409626788852,NO_TRADE,SIDEWAYS,4,2025-05-22,DOWN,SELL,0.4977532,0.24511148,0.25713533
PNJ,2025-06-10,0.0198188119305,UP,SIDEWAYS,4,2025-05-22,UP,BUY,0.40813884,0.15476945,0.43709165
SHS,2025-06-10,-0.00754720563538,DOWN,SIDEWAYS,4,2025-05-22,DOWN,SELL,0.48235378,0.17407668,0.34356952
VCB,2025-06-10,0.0,NO_TRADE,SIDEWAYS,4,2025-05-22,NO_TRADE,NO_TRADE,0.29716864,0.4082186,0.29461277
FPT,2025-06-11,0.0188176228505,UP,SIDEWAYS,4,2025-05-22,DOWN,SELL,0.3576026,0.33455846,0.30783895
HPG,2025-06-11,-0.00359805065629,NO_TRADE,SIDEWAYS,4,2025-05-22,DOWN,SELL,0.43579513,0.3255752,0.23862973
PNJ,2025-06-11,-0.0012145750481,NO_TRADE,SIDEWAYS,4,2025-05-22,DOWN,SELL,0.5695623,0.14797698,0.28246072
SHS,2025-06-11,-0.00760459938522,DOWN,SIDEWAYS,4,2025-05-22,DOWN,SELL,0.37788945,0.25347087,0.3686397
VCB,2025-06-11,-0.00364033893097,NO_TRADE,SIDEWAYS,4,2025-05-22,NO_TRADE,NO_TRADE,0.22106002,0.51550853,0.26343143
FPT,2025-06-12,0.000906481403664,NO_TRADE,SIDEWAYS,4,2025-05-22,DOWN,SELL,0.40266368,0.3356206,0.26171568
HPG,2025-06-12,0.0264243016705,UP,SIDEWAYS,4,2025-05-22,DOWN,SELL,0.38668564,0.3301157,0.2831987
PNJ,2025-06-12,0.0297338077232,UP,SIDEWAYS,4,2025-05-22,DOWN,SELL,0.45080465,0.19869645,0.3504989
SHS,2025-06-12,0.0151518050206,UP,SIDEWAYS,4,2025-05-22,UP,BUY,0.35496205,0.2341293,0.41090864
VCB,2025-06-12,0.00545555090154,UP,SIDEWAYS,4,2025-05-22,NO_TRADE,NO_TRADE,0.23648308,0.53145975,0.23205715
FPT,2025-06-13,-0.0137863308707,DOWN,SIDEWAYS,4,2025-05-22,NO_TRADE,NO_TRADE,0.32291058,0.36864275,0.30844665
HPG,2025-06-13,-0.0151594616074,DOWN,SIDEWAYS,4,2025-05-22,DOWN,SELL,0.38847968,0.29242194,0.3190984
PNJ,2025-06-13,-0.00374274050616,NO_TRADE,SIDEWAYS,4,2025-05-22,DOWN,SELL,0.47878766,0.19010529,0.33110708
SHS,2025-06-13,-0.0383188643021,DOWN,SIDEWAYS,4,2025-05-22,UP,BUY,0.333249,0.24618383,0.42056718
VCB,2025-06-13,0.00343985131437,NO_TRADE,SIDEWAYS,4,2025-05-22,NO_TRADE,NO_TRADE,0.18512256,0.56163293,0.25324455
FPT,2025-06-16,0.0306572076834,UP,SIDEWAYS,4,2025-05-22,DOWN,SELL,0.36530164,0.33665478,0.29804358
HPG,2025-06-16,0.0131514288041,UP,SIDEWAYS,4,2025-05-22,DOWN,SELL,0.3984991,0.3200282,0.28147268
PNJ,2025-06-16,0.0500393014411,UP,SIDEWAYS,4,2025-05-22,DOWN,SELL,0.5167855,0.13878249,0.34443197
SHS,2025-06-16,0.0231670592815,UP,SIDEWAYS,4,2025-05-22,DOWN,SELL,0.48187825,0.104902044,0.41321966
VCB,2025-06-16,0.00720334467143,UP,SIDEWAYS,4,2025-05-22,NO_TRADE,NO_TRADE,0.23736362,0.5153078,0.2473286
FPT,2025-06-17,-0.00168425263969,NO_TRADE,BULL,4,2025-05-22,NO_TRADE,NO_TRADE,0.30234346,0.4235653,0.27409124
HPG,2025-06-17,0.00351141569728,NO_TRADE,BULL,4,2025-05-22,NO_TRADE,NO_TRADE,0.24546997,0.44638884,0.30814117
PNJ,2025-06-17,-0.0111374440538,DOWN,BULL,4,2025-05-22,DOWN,SELL,0.43430957,0.21185291,0.35383755
SHS,2025-06-17,-0.00766287274557,DOWN,BULL,4,2025-05-22,UP,BUY,0.2813006,0.22239684,0.4963025
VCB,2025-06-17,0.0105311102683,UP,BULL,4,2025-05-22,NO_TRADE,NO_TRADE,0.15076168,0.6426632,0.20657516
FPT,2025-06-18,-0.015186624173,DOWN,BULL,4,2025-05-22,NO_TRADE,NO_TRADE,0.24670495,0.40454057,0.34875447
HPG,2025-06-18,0.0114514569794,UP,BULL,4,2025-05-22,NO_TRADE,NO_TRADE,0.23471305,0.4087936,0.35649335
PNJ,2025-06-18,-0.0135692478547,DOWN,BULL,4,2025-05-22,UP,BUY,0.3532006,0.18321426,0.46358517
SHS,2025-06-18,0.0,NO_TRADE,BULL,4,2025-05-22,UP,BUY,0.25358793,0.21787226,0.52853984
VCB,2025-06-18,-0.00891748374161,DOWN,BULL,4,2025-05-22,NO_TRADE,NO_TRADE,0.21425034,0.4851084,0.30064124
FPT,2025-06-19,-0.00859415835107,DOWN,BULL,4,2025-05-22,NO_TRADE,NO_TRADE,0.24838883,0.43864956,0.31296164
HPG,2025-06-19,-0.00945045581152,DOWN,BULL,4,2025-05-22,NO_TRADE,NO_TRADE,0.26558283,0.4655652,0.2688519
PNJ,2025-06-19,0.00364928859805,NO_TRADE,BULL,4,2025-05-22,DOWN,SELL,0.4284241,0.22684951,0.34472638
SHS,2025-06-19,-0.015504186536,DOWN,BULL,4,2025-05-22,UP,BUY,0.31773937,0.26256344,0.4196972
VCB,2025-06-19,-0.00161362652673,NO_TRADE,BULL,4,2025-05-22,NO_TRADE,NO_TRADE,0.24120215,0.5247853,0.23401256
FPT,2025-06-20,0.000812017909012,NO_TRADE,BULL,4,2025-05-22,NO_TRADE,NO_TRADE,0.27583122,0.46752486,0.25664395
HPG,2025-06-20,0.0039900302312,NO_TRADE,BULL,4,2025-05-22,NO_TRADE,NO_TRADE,0.21065053,0.5393182,0.2500313
PNJ,2025-06-20,-0.00866473121027,DOWN,BULL,4,2025-05-22,UP,BUY,0.3844641,0.20946787,0.40606803
SHS,2025-06-20,0.00778214044205,UP,BULL,4,2025-05-22,DOWN,SELL,0.41134635,0.21156015,0.3770935
VCB,2025-06-20,0.00875396389694,UP,BULL,4,2025-05-22,NO_TRADE,NO_TRADE,0.2083093,0.5654369,0.22625381
FPT,2025-06-23,-0.00172632690754,NO_TRADE,BULL,4,2025-05-22,NO_TRADE,NO_TRADE,0.26122427,0.43792918,0.30084655
HPG,2025-06-23,-0.00599103139912,DOWN,BULL,4,2025-05-22,NO_TRADE,NO_TRADE,0.26451918,0.4930546,0.24242619
PNJ,2025-06-23,0.0111539617919,UP,BULL,4,2025-05-22,DOWN,SELL,0.38004765,0.24441709,0.3755353
SHS,2025-06-23,-0.0156253179031,DOWN,BULL,4,2025-05-22,UP,BUY,0.28247616,0.27393153,0.44359234
VCB,2025-06-23,-0.00875396389694,DOWN,BULL,4,2025-05-22,NO_TRADE,NO_TRADE,0.2570555,0.49476448,0.24818006
FPT,2025-06-24,0.00517006575099,UP,BULL,4,2025-05-22,NO_TRADE,NO_TRADE,0.3046406,0.46626312,0.2290963
HPG,2025-06-24,0.00599103139912,UP,BULL,4,2025-05-22,NO_TRADE,NO_TRADE,0.28335825,0.46468624,0.2519555
PNJ,2025-06-24,-0.00364019944072,NO_TRADE,BULL,4,2025-05-22,DOWN,SELL,0.33550346,0.3322908,0.33220574
SHS,2025-06-24,0.023347363997,UP,BULL,4,2025-05-22,UP,BUY,0.3192059,0.2882999,0.39249423
VCB,2025-06-24,0.0,NO_TRADE,BULL,4,2025-05-22,NO_TRADE,NO_TRADE,0.20589906,0.4899145,0.30418646
FPT,2025-06-25,0.00514347359539,UP,BULL,4,2025-05-22,NO_TRADE,NO_TRADE,0.30534258,0.45370153,0.24095586
HPG,2025-06-25,0.00694447235281,UP,BULL,4,2025-05-22,NO_TRADE,NO_TRADE,0.32227504,0.440972,0.23675296
PNJ,2025-06-25,-0.00751376235119,DOWN,BULL,4,2025-05-22,DOWN,SELL,0.34283116,0.31523344,0.34193537
SHS,2025-06-25,-0.00772204609391,DOWN,BULL,4,2025-05-22,DOWN,SELL,0.42456195,0.21590425,0.3595338
VCB,2025-06-25,0.0,NO_TRADE,BULL,4,2025-05-22,NO_TRADE,NO_TRADE,0.26839578,0.473215,0.2583892
FPT,2025-06-26,-0.000805071996789,NO_TRADE,BULL,4,2025-05-22,NO_TRADE,NO_TRADE,0.2998637,0.48829764,0.21183859
HPG,2025-06-26,0.00591426070895,UP,BULL,4,2025-05-22,NO_TRADE,NO_TRADE,0.30848533,0.4819479,0.2095668
PNJ,2025-06-26,0.0161139109148,UP,BULL,4,2025-05-22,DOWN,SELL,0.36136922,0.32144606,0.31718472
SHS,2025-06-26,0.0,NO_TRADE,BULL,4,2025-05-22,DOWN,SELL,0.38463822,0.26436454,0.3509972
VCB,2025-06-26,-0.00359518632793,NO_TRADE,BULL,4,2025-05-22,NO_TRADE,NO_TRADE,0.27636188,0.5115459,0.21209225
FPT,2025-06-27,0.00251370098677,NO_TRADE,BULL,4,2025-05-22,NO_TRADE,NO_TRADE,0.3622411,0.4680903,0.16966859
HPG,2025-06-27,0.00245398896157,NO_TRADE,BULL,4,2025-05-22,NO_TRADE,NO_TRADE,0.37069023,0.45193076,0.17737897
PNJ,2025-06-27,0.0122932990246,UP,BULL,4,2025-05-22,DOWN,SELL,0.4185477,0.34397724,0.23747501
SHS,2025-06-27,0.0,NO_TRADE,BULL,4,2025-05-22,DOWN,SELL,0.48350775,0.24897242,0.26751986
VCB,2025-06-27,0.00520881285466,UP,BULL,4,2025-05-22,NO_TRADE,NO_TRADE,0.3213007,0.48701644,0.1916829
FPT,2025-06-30,0.00760307784207,UP,BULL,4,2025-05-22,NO_TRADE,NO_TRADE,0.33615828,0.47776172,0.18608004
HPG,2025-06-30,-0.00639294038626,DOWN,BULL,4,2025-05-22,NO_TRADE,NO_TRADE,0.3285355,0.4445221,0.22694235
PNJ,2025-06-30,0.0145552112423,UP,BULL,4,2025-05-22,NO_TRADE,NO_TRADE,0.37367803,0.41159388,0.2147281
SHS,2025-06-30,0.0,NO_TRADE,BULL,4,2025-05-22,DOWN,SELL,0.4976808,0.20836252,0.29395673
VCB,2025-06-30,0.00536002712608,UP,BULL,4,2025-05-22,NO_TRADE,NO_TRADE,0.28165662,0.52896804,0.18937534
FPT,2025-07-01,0.00506984534411,UP,BULL,4,2025-05-22,DOWN,SELL,0.4170356,0.4020724,0.18089193
HPG,2025-07-01,-0.00246974687158,NO_TRADE,BULL,4,2025-05-22,DOWN,SELL,0.44866812,0.36262953,0.18870227
PNJ,2025-07-01,0.00369822906709,NO_TRADE,BULL,4,2025-05-22,DOWN,SELL,0.5443028,0.28263518,0.17306197
SHS,2025-07-01,-0.00778214044205,DOWN,BULL,4,2025-05-22,DOWN,SELL,0.4964262,0.25614384,0.2474299
VCB,2025-07-01,0.0208083684864,UP,BULL,4,2025-05-22,DOWN,SELL,0.42774442,0.4034398,0.16881576
FPT,2025-07-02,-0.00168709413311,NO_TRADE,BULL,4,2025-05-22,DOWN,SELL,0.4857936,0.3937496,0.12045683
HPG,2025-07-02,0.0108215517432,UP,BULL,4,2025-05-22,DOWN,SELL,0.476921,0.379406,0.143673
PNJ,2025-07-02,-0.00610943305455,DOWN,BULL,4,2025-05-22,DOWN,SELL,0.60882014,0.25781187,0.13336794
SHS,2025-07-02,0.0458095360313,UP,BULL,4,2025-05-22,DOWN,SELL,0.59345484,0.21672587,0.18981929
VCB,2025-07-02,-0.00349650705873,NO_TRADE,BULL,4,2025-05-22,DOWN,SELL,0.5921309,0.28752413,0.12034498
FPT,2025-07-03,-0.00507842764344,DOWN,BULL,4,2025-05-22,DOWN,SELL,0.5479002,0.34572026,0.10637953
HPG,2025-07-03,0.00876771325331,UP,BULL,4,2025-05-22,DOWN,SELL,0.5715906,0.29557106,0.13283828
PNJ,2025-07-03,-0.00483992009564,NO_TRADE,BULL,4,2025-05-22,DOWN,SELL,0.6773017,0.20628531,0.11641293
SHS,2025-07-03,0.0,NO_TRADE,BULL,4,2025-05-22,DOWN,SELL,0.74321383,0.108549625,0.14823656
VCB,2025-07-03,-0.00157742561847,NO_TRADE,BULL,4,2025-05-22,DOWN,SELL,0.57981807,0.30267504,0.11750687
FPT,2025-07-04,0.0374259980485,UP,BULL,4,2025-05-22,DOWN,SELL,0.47630432,0.35043353,0.17326215
HPG,2025-07-04,0.00676657970887,UP,BULL,4,2025-05-22,DOWN,SELL,0.49554533,0.30698147,0.19747315
PNJ,2025-07-04,0.00242288814828,NO_TRADE,BULL,4,2025-05-22,DOWN,SELL,0.48598903,0.29384246,0.22016849
SHS,2025-07-04,0.00743497848752,UP,BULL,4,2025-05-22,DOWN,SELL,0.62700725,0.1201297,0.25286305
VCB,2025-07-04,0.00855825675981,UP,BULL,4,2025-05-22,DOWN,SELL,0.43194625,0.3874779,0.18057583
FPT,2025-07-07,0.0106175372108,UP,BULL,4,2025-05-22,DOWN,SELL,0.6888659,0.14297658,0.16815755
HPG,2025-07-07,0.0148221695184,UP,BULL,4,2025-05-22,DOWN,SELL,0.5266271,0.2904798,0.18289302
PNJ,2025-07-07,-0.00242288814828,NO_TRADE,BULL,4,2025-05-22,DOWN,SELL,0.5376765,0.23729524,0.22502825
SHS,2025-07-07,0.0434851119397,UP,BULL,4,2025-05-22,DOWN,SELL,0.68057054,0.10520537,0.21422406
VCB,2025-07-07,0.00347222571075,NO_TRADE,BULL,4,2025-05-22,DOWN,SELL,0.55387455,0.3051852,0.14094031
FPT,2025-07-08,0.00559800313835,UP,BULL,4,2025-05-22,DOWN,SELL,0.6654199,0.21301891,0.12156121
HPG,2025-07-08,0.0454623740768,UP,BULL,4,2025-05-22,DOWN,SELL,0.56817627,0.3225944,0.1092293
PNJ,2025-07-08,-0.00242877279599,NO_TRADE,BULL,4,2025-05-22,DOWN,SELL,0.5433965,0.2797223,0.17688121
SHS,2025-07-08,0.00706716722309,UP,BULL,4,2025-05-22,DOWN,SELL,0.6085012,0.20045768,0.19104107
VCB,2025-07-08,0.00673635849039,UP,BULL,4,2025-05-22,DOWN,SELL,0.51537913,0.36349964,0.121121205
FPT,2025-07-09,-0.0137184203423,DOWN,BULL,4,2025-05-22,DOWN,SELL,0.7847413,0.143694,0.07156474
HPG,2025-07-09,0.00226500663085,NO_TRADE,BULL,4,2025-05-22,DOWN,SELL,0.80998665,0.11664839,0.07336498
PNJ,2025-07-09,0.00615386557438,UP,BULL,4,2025-05-22,DOWN,SELL,0.64746857,0.23577459,0.1167568
SHS,2025-07-09,0.0139862419747,UP,BULL,4,2025-05-22,DOWN,SELL,0.6070247,0.2220027,0.17097256
VCB,2025-07-09,0.0414759379947,UP,BULL,4,2025-05-22,DOWN,SELL,0.62010974,0.30071458,0.07917563
FPT,2025-07-10,0.00888130748229,UP,BULL,4,2025-05-22,DOWN,SELL,0.6603937,0.24326368,0.09634264
HPG,2025-07-10,0.0157130056646,UP,BULL,4,2025-05-22,DOWN,SELL,0.73787737,0.15989295,0.10222974
PNJ,2025-07-10,-0.00615386557438,DOWN,BULL,4,2025-05-22,DOWN,SELL,0.70421624,0.19650023,0.09928349
SHS,2025-07-10,0.0,NO_TRADE,BULL,4,2025-05-22,DOWN,SELL,0.656622,0.18224229,0.16113569
VCB,2025-07-10,-0.0016528929383,NO_TRADE,BULL,4,2025-05-22,DOWN,SELL,0.69295216,0.21824096,0.08880685
FPT,2025-07-11,0.0216316155861,UP,BULL,4,2025-05-22,DOWN,SELL,0.69414425,0.17685404,0.12900175
HPG,2025-07-11,0.0332926060981,UP,BULL,4,2025-05-22,DOWN,SELL,0.66573924,0.22700985,0.10725094
PNJ,2025-07-11,0.0109758333744,UP,BULL,4,2025-05-22,DOWN,SELL,0.682001,0.21460623,0.1033928
SHS,2025-07-11,0.0137933221323,UP,BULL,4,2025-05-22,DOWN,SELL,0.62453556,0.1623973,0.21306716
VCB,2025-07-11,0.020953459345,UP,BULL,4,2025-05-22,DOWN,SELL,0.65310127,0.25120455,0.09569416
FPT,2025-07-14,0.0039000885168,NO_TRADE,BULL,4,2025-05-22,DOWN,SELL,0.6442023,0.19278252,0.16301514
HPG,2025-07-14,-0.00952388151126,DOWN,BULL,4,2025-05-22,DOWN,SELL,0.6034214,0.23321635,0.16336223
PNJ,2025-07-14,0.0515615285298,UP,BULL,4,2025-05-22,DOWN,SELL,0.6074744,0.21990298,0.17262264
SHS,2025-07-14,0.0068259650704,UP,BULL,4,2025-05-22,DOWN,SELL,0.6067671,0.16209957,0.2311333
VCB,2025-07-14,-0.00470894756639,NO_TRADE,BULL,4,2025-05-22,DOWN,SELL,0.5785787,0.28388137,0.13753995
FPT,2025-07-15,-0.00865645094605,DOWN,BULL,4,2025-05-22,DOWN,SELL,0.6911724,0.20416549,0.10466214
HPG,2025-07-15,-0.010054729517,DOWN,BULL,4,2025-05-22,DOWN,SELL,0.5918287,0.26688105,0.14129026
PNJ,2025-07-15,-0.0104213607652,DOWN,BULL,4,2025-05-22,DOWN,SELL,0.7308387,0.16826403,0.10089722
SHS,2025-07-15,0.0202027073175,UP,BULL,4,2025-05-22,DOWN,SELL,0.73766047,0.151699,0.110640526
VCB,2025-07-15,-0.0162445117786,DOWN,BULL,4,2025-05-22,DOWN,SELL,0.6385931,0.24930899,0.112097956
FPT,2025-07-16,0.00233437708135,NO_TRADE,BULL,4,2025-05-22,DOWN,SELL,0.6728809,0.21237488,0.11474423
HPG,2025-07-16,0.0234487513135,UP,BULL,4,2025-05-22,DOWN,SELL,0.55600005,0.30350727,0.1404927
PNJ,2025-07-16,0.0149795734261,UP,BULL,4,2025-05-22,DOWN,SELL,0.67263204,0.19717565,0.13019228
SHS,2025-07-16,0.0769610411361,UP,BULL,4,2025-05-22,DOWN,SELL,0.71121436,0.17527016,0.11351549
VCB,2025-07-16,0.00659524237273,UP,BULL,4,2025-05-22,DOWN,SELL,0.63456106,0.24226786,0.123171076
FPT,2025-07-17,0.00558037162413,UP,BULL,4,2025-05-22,DOWN,SELL,0.68942356,0.20498203,0.10559439
HPG,2025-07-17,-0.00387014028531,NO_TRADE,BULL,4,2025-05-22,DOWN,SELL,0.58327174,0.28633472,0.1303935
PNJ,2025-07-17,-0.0196067395392,DOWN,BULL,4,2025-05-22,DOWN,SELL,0.67660546,0.19185045,0.13154407
SHS,2025-07-17,0.0183491386682,UP,BULL,4,2025-05-22,DOWN,SELL,0.6673186,0.20625801,0.12642336
VCB,2025-07-17,0.00638875135595,UP,BULL,4,2025-05-22,DOWN,SELL,0.6463267,0.24217682,0.11149643
FPT,2025-07-18,-0.00791474870548,DOWN,BULL,4,2025-05-22,DOWN,SELL,0.68436813,0.21501487,0.100617
HPG,2025-07-18,-0.00388517648217,NO_TRADE,BULL,4,2025-05-22,DOWN,SELL,0.63136286,0.23209801,0.13653916
PNJ,2025-07-18,-0.00107085500149,NO_TRADE,BULL,4,2025-05-22,DOWN,SELL,0.6089571,0.24569096,0.14535198
SHS,2025-07-18,0.0180185055027,UP,BULL,4,2025-05-22,DOWN,SELL,0.6694219,0.17915994,0.15141818
VCB,2025-07-18,-0.00491079723192,NO_TRADE,BULL,4,2025-05-22,DOWN,SELL,0.6388223,0.24423939,0.116938345
FPT,2025-07-21,0.00661544457838,UP,BULL,4,2025-05-22,DOWN,SELL,0.65742403,0.18548554,0.15709043
HPG,2025-07-21,0.0116105367919,UP,BULL,4,2025-05-22,DOWN,SELL,0.5758906,0.14830628,0.2758031
PNJ,2025-07-21,-0.0140264842331,DOWN,BULL,4,2025-05-22,DOWN,SELL,0.5815659,0.16360451,0.25482956
SHS,2025-07-21,-0.0240975515791,DOWN,BULL,4,2025-05-22,DOWN,SELL,0.56582284,0.10735019,0.32682693
VCB,2025-07-21,-0.00972882601402,DOWN,BULL,4,2025-05-22,DOWN,SELL,0.6122568,0.21011095,0.17763226
FPT,2025-07-22,0.0162125879778,UP,BULL,4,2025-05-22,DOWN,SELL,0.6105416,0.26711026,0.122348145
HPG,2025-07-22,0.00936177050133,UP,BULL,4,2025-05-22,DOWN,SELL,0.5356306,0.30260035,0.16176909
PNJ,2025-07-22,0.0104486628853,UP,BULL,4,2025-05-22,DOWN,SELL,0.58905655,0.2472011,0.16374235
SHS,2025-07-22,0.0591888713903,UP,BULL,4,2025-05-22,DOWN,SELL,0.62005,0.17787486,0.20207514
VCB,2025-07-22,0.0146396232459,UP,BULL,4,2025-05-22,DOWN,SELL,0.5665563,0.29398277,0.13946095
FPT,2025-07-23,-0.00274499211615,NO_TRADE,BULL,4,2025-05-22,DOWN,SELL,0.6266262,0.23797707,0.13539675
HPG,2025-07-23,-0.00169563414938,NO_TRADE,BULL,4,2025-05-22,DOWN,SELL,0.57900107,0.24457373,0.17642519
PNJ,2025-07-23,0.00125369408379,NO_TRADE,BULL,4,2025-05-22,DOWN,SELL,0.52647245,0.25910857,0.21441898
SHS,2025-07-23,0.0227282510776,UP,BULL,4,2025-05-22,DOWN,SELL,0.6914112,0.13023946,0.17834936
VCB,2025-07-23,-0.00163425432679,NO_TRADE,BULL,4,2025-05-22,DOWN,SELL,0.5514218,0.28780726,0.16077091
FPT,2025-07-24,-0.00625002034517,DOWN,BULL,4,2025-05-22,DOWN,SELL,0.6658939,0.21667153,0.11743459
HPG,2025-07-24,-0.0153914966617,DOWN,BULL,4,2025-05-22,DOWN,SELL,0.6464229,0.21069756,0.14287953
PNJ,2025-07-24,0.0,NO_TRADE,BULL,4,2025-05-22,DOWN,SELL,0.56338495,0.27009895,0.16651611
SHS,2025-07-24,0.0,NO_TRADE,BULL,4,2025-05-22,DOWN,SELL,0.675417,0.11861841,0.20596464
VCB,2025-07-24,0.0,NO_TRADE,BULL,4,2025-05-22,DOWN,SELL,0.61178184,0.26930466,0.11891354
FPT,2025-07-25,-0.00360227609784,NO_TRADE,BULL,4,2025-05-22,DOWN,SELL,0.5814182,0.21886107,0.19972076
HPG,2025-07-25,0.00215192680417,NO_TRADE,BULL,4,2025-05-22,DOWN,SELL,0.46619123,0.20841624,0.32539254
PNJ,2025-07-25,0.00464286548305,NO_TRADE,BULL,4,2025-05-22,DOWN,SELL,0.529836,0.22789271,0.24227132
SHS,2025-07-25,0.0439631234211,UP,BULL,4,2025-05-22,DOWN,SELL,0.5499798,0.10089564,0.34912452
VCB,2025-07-25,-0.00163692948649,NO_TRADE,BULL,4,2025-05-22,DOWN,SELL,0.5293615,0.25976133,0.21087717
FPT,2025-07-28,0.0054445758083,UP,BULL,4,2025-05-22,DOWN,SELL,0.5279912,0.24311897,0.22888988
HPG,2025-07-28,0.0111159759399,UP,BULL,4,2025-05-22,DOWN,SELL,0.48959133,0.20248464,0.30792403
PNJ,2025-07-28,-0.00464286548305,NO_TRADE,BULL,4,2025-05-22,DOWN,SELL,0.5178654,0.24529217,0.2368424
SHS,2025-07-28,0.092373320131,UP,BULL,4,2025-05-22,DOWN,SELL,0.6102523,0.12236292,0.26738474
VCB,2025-07-28,0.0128592965943,UP,BULL,4,2025-05-22,DOWN,SELL,0.51119787,0.24333557,0.24546658
FPT,2025-07-29,-0.0488453838055,DOWN,BULL,4,2025-05-22,DOWN,SELL,0.609029,0.20533675,0.18563421
HPG,2025-07-29,-0.038574663385,DOWN,BULL,4,2025-05-22,DOWN,SELL,0.47374237,0.22030975,0.30594787
PNJ,2025-07-29,-0.0200675630508,DOWN,BULL,4,2025-05-22,DOWN,SELL,0.5430279,0.2284056,0.22856648
SHS,2025-07-29,-0.0298529631497,DOWN,BULL,4,2025-05-22,DOWN,SELL,0.60030633,0.11874653,0.28094715
VCB,2025-07-29,-0.0290446210153,DOWN,BULL,4,2025-05-22,DOWN,SELL,0.59548897,0.24035989,0.16415115
FPT,2025-07-30,0.000965903677917,NO_TRADE,BULL,4,2025-05-22,DOWN,SELL,0.7075803,0.12864172,0.16377793
HPG,2025-07-30,0.00220701921411,NO_TRADE,BULL,4,2025-05-22,DOWN,SELL,0.65745544,0.20074286,0.14180173
PNJ,2025-07-30,0.0141434814584,UP,BULL,4,2025-05-22,DOWN,SELL,0.6607944,0.16905893,0.1701467
SHS,2025-07-30,0.0916303228459,UP,BULL,4,2025-05-22,DOWN,SELL,0.651566,0.17284892,0.17558502
VCB,2025-07-30,-0.00166638932079,NO_TRADE,BULL,4,2025-05-22,DOWN,SELL,0.59763616,0.27248755,0.12987626
